gfx,cu_num,M,N,K,bias,dtype,outdtype,scaleAB,bpreshuffle,libtype,solidx,splitK,us,kernelName,err_ratio,tflops,bw
gfx950,256,64,256,5120,False,torch.bfloat16,torch.float32,False,False,asm,5,13,7.9191,_ZN5aiter39bf16gemm_fp32bf16_tn_64x64_splitk_cleanE,0.0,21.19,417.92
gfx950,256,80,256,5120,False,torch.bfloat16,torch.float32,False,False,asm,7,13,7.9676,_ZN5aiter39bf16gemm_fp32bf16_tn_80x64_splitk_cleanE,0.0,26.32,436.97
gfx950,256,128,256,5120,False,torch.bfloat16,torch.float32,False,False,asm,5,10,9.0259,_ZN5aiter39bf16gemm_fp32bf16_tn_64x64_splitk_cleanE,0.0,37.18,442.91
gfx950,256,150,256,5120,False,torch.bfloat16,torch.float32,False,False,asm,7,10,9.3334,_ZN5aiter39bf16gemm_fp32bf16_tn_80x64_splitk_cleanE,0.0,42.13,453.67
gfx950,256,192,256,5120,False,torch.bfloat16,torch.float32,False,False,asm,8,10,9.8147,_ZN5aiter39bf16gemm_fp32bf16_tn_96x64_splitk_cleanE,0.0,51.28,477.43
gfx950,256,220,256,5120,False,torch.bfloat16,torch.float32,False,False,asm,7,8,10.8546,_ZN5aiter39bf16gemm_fp32bf16_tn_80x64_splitk_cleanE,0.0,53.13,459.43
gfx950,256,256,256,5120,False,torch.bfloat16,torch.float32,False,False,opus,1202,4,10.8124,opus_gemm_flatmm_splitk_256x32x32x128_2x1_16x16x32_0x0x0_wgpcu2_nooob,0.0,62.07,497.02
gfx950,256,384,256,5120,False,torch.bfloat16,torch.float32,False,False,asm,3,6,12.0049,_ZN5aiter39bf16gemm_fp32bf16_tn_48x64_splitk_cleanE,0.0,83.85,562.29
gfx950,256,448,256,5120,False,torch.bfloat16,torch.float32,False,False,asm,3,5,12.1134,_ZN5aiter39bf16gemm_fp32bf16_tn_48x64_splitk_cleanE,0.0,96.95,614.06
gfx950,256,512,256,5120,False,torch.bfloat16,torch.float32,False,False,asm,3,5,12.4844,_ZN5aiter39bf16gemm_fp32bf16_tn_48x64_splitk_cleanE,0.0,107.51,650.93
gfx950,256,1,128,6144,False,torch.bfloat16,torch.float32,False,False,asm,1,13,5.5249,_ZN5aiter39bf16gemm_fp32bf16_tn_32x64_splitk_cleanE,0.0,0.28,286.96
gfx950,256,1,2048,6144,False,torch.bfloat16,torch.float32,False,False,asm,1,6,12.8405,_ZN5aiter39bf16gemm_fp32bf16_tn_32x64_splitk_cleanE,0.0,1.96,1961.15
gfx950,256,1,3072,6144,False,torch.bfloat16,torch.float32,False,False,asm,1,5,13.6048,_ZN5aiter39bf16gemm_fp32bf16_tn_32x64_splitk_cleanE,0.0,2.77,2776.02
gfx950,256,1,50016,6144,False,torch.bfloat16,torch.float32,False,False,opus,5008,0,122.4478,opus_gemm_512x128x256x64_2x4_16x16x32_0x0x0_4g_safe,0.0,5.02,5020.17
gfx950,256,1,6144,2048,False,torch.bfloat16,torch.float32,False,False,flydsl,3161,2,10.8611,flydsl_gemm5_abf16_wbf16_bf16_t16x64x128_split_k2_block_m_warp1_block_n_warp2_block_k_warp1_async_copyTrue_b_to_ldsTrue_b_preshuffleFalse_c_to_ldsFalse_gfx950,0.0438,2.32,2318.57
gfx950,256,1,6144,3072,False,torch.bfloat16,torch.float32,False,False,asm,1,2,13.5868,_ZN5aiter39bf16gemm_fp32bf16_tn_32x64_splitk_cleanE,0.0,2.78,2779.7
gfx950,256,2,128,6144,False,torch.bfloat16,torch.float32,False,False,asm,1,16,5.2543,_ZN5aiter39bf16gemm_fp32bf16_tn_32x64_splitk_cleanE,0.0,0.6,304.12
gfx950,256,2,2048,6144,False,torch.bfloat16,torch.float32,False,False,asm,1,6,12.8459,_ZN5aiter39bf16gemm_fp32bf16_tn_32x64_splitk_cleanE,0.0,3.92,1961.61
gfx950,256,2,3072,6144,False,torch.bfloat16,torch.float32,False,False,asm,1,5,13.6222,_ZN5aiter39bf16gemm_fp32bf16_tn_32x64_splitk_cleanE,0.0,5.54,2773.83
gfx950,256,2,50016,6144,False,torch.bfloat16,torch.float32,False,False,opus,204,5,123.4256,opus_gemm_flatmm_splitk_256x32x128x64_2x1_16x16x32_0x0x0_wgpcu2,0.0,9.96,4981.31
gfx950,256,2,6144,2048,False,torch.bfloat16,torch.float32,False,False,asm,1,2,10.7908,_ZN5aiter39bf16gemm_fp32bf16_tn_32x64_splitk_cleanE,0.0,4.66,2335.19
gfx950,256,2,6144,3072,False,torch.bfloat16,torch.float32,False,False,asm,1,2,13.6185,_ZN5aiter39bf16gemm_fp32bf16_tn_32x64_splitk_cleanE,0.0,5.54,2774.58
gfx950,256,4,128,6144,False,torch.bfloat16,torch.float32,False,False,asm,3,13,5.329,_ZN5aiter39bf16gemm_fp32bf16_tn_48x64_splitk_cleanE,0.0,1.18,304.57
gfx950,256,4,2048,6144,False,torch.bfloat16,torch.float32,False,False,asm,1,5,12.9009,_ZN5aiter39bf16gemm_fp32bf16_tn_32x64_splitk_cleanE,0.0,7.8,1955.78
gfx950,256,4,3072,6144,False,torch.bfloat16,torch.float32,False,False,asm,1,5,13.5136,_ZN5aiter39bf16gemm_fp32bf16_tn_32x64_splitk_cleanE,0.0,11.17,2798.84
gfx950,256,4,50016,6144,False,torch.bfloat16,torch.float32,False,False,opus,2008,0,123.6511,opus_gemm_512x128x256x64_2x4_16x16x32_0x0x0_cA1cB17,0.0,19.88,4974.04
gfx950,256,4,6144,2048,False,torch.bfloat16,torch.float32,False,False,flydsl,4265,2,10.708,flydsl_gemm8_abf16_wbf16_bf16_t16x64x64_split_k2_block_m_warp1_block_n_warp2_block_k_warp1_async_copyTrue_b_to_ldsTrue_b_preshuffleFalse_c_to_ldsFalse_gfx950,0.0444,9.4,2356.31
gfx950,256,4,6144,3072,False,torch.bfloat16,torch.float32,False,False,flydsl,7384,2,13.0193,flydsl_gemm8_abf16_wbf16_bf16_t16x64x64_split_k2_block_m_warp1_block_n_warp2_block_k_warp1_async_copyTrue_b_to_ldsTrue_b_preshuffleFalse_c_to_ldsFalse_gfx950,0.0486,11.6,2905.11
gfx950,256,8,128,6144,False,torch.bfloat16,torch.float32,False,False,asm,1,16,5.25,_ZN5aiter39bf16gemm_fp32bf16_tn_32x64_splitk_cleanE,0.0,2.4,318.71
gfx950,256,8,2048,6144,False,torch.bfloat16,torch.float32,False,False,asm,1,6,12.8808,_ZN5aiter39bf16gemm_fp32bf16_tn_32x64_splitk_cleanE,0.0,15.63,1963.92
gfx950,256,8,3072,6144,False,torch.bfloat16,torch.float32,False,False,asm,1,5,13.7111,_ZN5aiter39bf16gemm_fp32bf16_tn_32x64_splitk_cleanE,0.0,22.03,2763.91
gfx950,256,8,50016,6144,False,torch.bfloat16,torch.float32,False,False,opus,2008,0,124.408,opus_gemm_512x128x256x64_2x4_16x16x32_0x0x0_cA1cB17,0.0,39.52,4947.39
gfx950,256,8,6144,2048,False,torch.bfloat16,torch.float32,False,False,asm,1,2,10.8198,_ZN5aiter39bf16gemm_fp32bf16_tn_32x64_splitk_cleanE,0.0,18.61,2338.02
gfx950,256,8,6144,3072,False,torch.bfloat16,torch.float32,False,False,flydsl,6292,2,13.2449,flydsl_gemm6_abf16_wbf16_bf16_t16x64x128_split_k2_block_m_warp1_block_n_warp2_block_k_warp1_async_copyTrue_b_to_ldsTrue_b_preshuffleFalse_c_to_ldsFalse_gfx950,0.0485,22.8,2861.19
gfx950,256,16,128,6144,False,torch.bfloat16,torch.float32,False,False,asm,1,13,5.3721,_ZN5aiter39bf16gemm_fp32bf16_tn_32x64_splitk_cleanE,0.0,4.68,330.14
gfx950,256,16,2048,6144,False,torch.bfloat16,torch.float32,False,False,asm,3,6,13.0667,_ZN5aiter39bf16gemm_fp32bf16_tn_48x64_splitk_cleanE,0.0,30.82,1946.01
gfx950,256,16,3072,6144,False,torch.bfloat16,torch.float32,False,False,asm,1,5,13.7282,_ZN5aiter39bf16gemm_fp32bf16_tn_32x64_splitk_cleanE,0.0,44.0,2771.2
gfx950,256,16,50016,6144,False,torch.bfloat16,torch.float32,False,False,opus,204,2,131.0394,opus_gemm_flatmm_splitk_256x32x128x64_2x1_16x16x32_0x0x0_wgpcu2,0.0,75.04,4703.88
gfx950,256,16,6144,2048,False,torch.bfloat16,torch.float32,False,False,asm,1,2,10.987,_ZN5aiter39bf16gemm_fp32bf16_tn_32x64_splitk_cleanE,0.0,36.65,2314.37
gfx950,256,16,6144,3072,False,torch.bfloat16,torch.float32,False,False,flydsl,6292,2,13.9957,flydsl_gemm6_abf16_wbf16_bf16_t16x64x128_split_k2_block_m_warp1_block_n_warp2_block_k_warp1_async_copyTrue_b_to_ldsTrue_b_preshuffleFalse_c_to_ldsFalse_gfx950,0.049,43.15,2718.24
gfx950,256,32,128,6144,False,torch.bfloat16,torch.float32,False,False,asm,1,16,5.6787,_ZN5aiter39bf16gemm_fp32bf16_tn_32x64_splitk_cleanE,0.0,8.86,347.66
gfx950,256,32,2048,6144,False,torch.bfloat16,torch.float32,False,False,asm,1,6,13.2436,_ZN5aiter39bf16gemm_fp32bf16_tn_32x64_splitk_cleanE,0.0,60.81,1939.81
gfx950,256,32,3072,6144,False,torch.bfloat16,torch.float32,False,False,asm,3,5,14.302,_ZN5aiter39bf16gemm_fp32bf16_tn_48x64_splitk_cleanE,0.0,84.46,2680.64
gfx950,256,32,50016,6144,False,torch.bfloat16,torch.float32,False,False,opus,2008,0,128.2024,opus_gemm_512x128x256x64_2x4_16x16x32_0x0x0_cA1cB17,0.0,153.41,4821.99
gfx950,256,32,6144,2048,False,torch.bfloat16,torch.float32,False,False,asm,1,2,11.3329,_ZN5aiter39bf16gemm_fp32bf16_tn_32x64_splitk_cleanE,0.0,71.06,2266.86
gfx950,256,32,6144,3072,False,torch.bfloat16,torch.float32,False,False,asm,1,2,14.2522,_ZN5aiter39bf16gemm_fp32bf16_tn_32x64_splitk_cleanE,0.0,84.76,2690.01
gfx950,256,64,128,6144,False,torch.bfloat16,torch.float32,False,False,asm,5,13,6.4183,_ZN5aiter39bf16gemm_fp32bf16_tn_64x64_splitk_cleanE,0.0,15.68,370.14
gfx950,256,64,2048,6144,False,torch.bfloat16,torch.float32,False,False,asm,5,6,14.1526,_ZN5aiter39bf16gemm_fp32bf16_tn_64x64_splitk_cleanE,0.0,113.8,1852.27
gfx950,256,64,3072,6144,False,torch.bfloat16,torch.float32,False,False,asm,5,5,15.4448,_ZN5aiter39bf16gemm_fp32bf16_tn_64x64_splitk_cleanE,0.0,156.42,2520.48
gfx950,256,64,50016,6144,False,torch.bfloat16,torch.float32,False,False,opus,5008,0,134.9217,opus_gemm_512x128x256x64_2x4_16x16x32_0x0x0_4g_safe,0.0,291.53,4608.49
gfx950,256,64,6144,2048,False,torch.bfloat16,torch.float32,False,False,asm,5,2,12.9832,_ZN5aiter39bf16gemm_fp32bf16_tn_64x64_splitk_cleanE,0.0,124.05,2019.1
gfx950,256,64,6144,3072,False,torch.bfloat16,torch.float32,False,False,asm,5,2,15.7811,_ZN5aiter39bf16gemm_fp32bf16_tn_64x64_splitk_cleanE,0.0,153.09,2466.77
gfx950,256,128,128,6144,False,torch.bfloat16,torch.float32,False,False,asm,5,16,8.0383,_ZN5aiter39bf16gemm_fp32bf16_tn_64x64_splitk_cleanE,0.0,25.05,395.42
gfx950,256,128,2048,6144,False,torch.bfloat16,torch.float32,False,False,asm,5,4,16.6413,_ZN5aiter39bf16gemm_fp32bf16_tn_64x64_splitk_cleanE,0.0,193.57,1638.27
gfx950,256,128,3072,6144,False,torch.bfloat16,torch.float32,False,False,opus,214,4,21.8944,opus_gemm_flatmm_splitk_256x64x96x64_2x1_16x16x32_0x0x0_wgpcu1,0.0,220.69,1831.89
gfx950,256,128,50016,6144,False,torch.bfloat16,torch.float32,False,False,opus,5008,0,154.6488,opus_gemm_512x128x256x64_2x4_16x16x32_0x0x0_4g_safe,0.0,508.69,4067.11
gfx950,256,128,6144,2048,False,torch.bfloat16,torch.float32,False,False,asm,6,1,15.8927,_ZN5aiter37bf16gemm_fp32bf16_tn_64x64_pf3_splitkE,0.0,202.69,1715.44
gfx950,256,128,6144,3072,False,torch.bfloat16,torch.float32,False,False,asm,6,1,21.6024,_ZN5aiter37bf16gemm_fp32bf16_tn_64x64_pf3_splitkE,0.0,223.67,1856.65
gfx950,256,192,128,6144,False,torch.bfloat16,torch.float32,False,False,asm,8,16,8.4339,_ZN5aiter39bf16gemm_fp32bf16_tn_96x64_splitk_cleanE,0.0,35.81,472.06
gfx950,256,192,2048,6144,False,torch.bfloat16,torch.float32,False,False,asm,8,4,19.6129,_ZN5aiter39bf16gemm_fp32bf16_tn_96x64_splitk_cleanE,0.0,246.36,1443.52
gfx950,256,192,3072,6144,False,torch.bfloat16,torch.float32,False,False,opus,1221,5,26.8207,opus_gemm_flatmm_splitk_256x96x64x64_2x1_16x16x32_0x0x0_wgpcu2_nooob,0.0,270.23,1539.4
gfx950,256,192,50016,6144,False,torch.bfloat16,torch.float32,False,False,opus,2009,0,173.9381,opus_gemm_512x256x256x64_2x4_16x16x32_0x0x0_cA1cB17,0.0,678.42,3657.4
gfx950,256,192,6144,2048,False,torch.bfloat16,torch.float32,False,False,asm,9,1,17.5401,_ZN5aiter37bf16gemm_fp32bf16_tn_96x64_pf3_splitkE,0.0,275.47,1614.1
gfx950,256,192,6144,3072,False,torch.bfloat16,torch.float32,False,False,asm,9,1,23.5272,_ZN5aiter37bf16gemm_fp32bf16_tn_96x64_pf3_splitkE,0.0,308.06,1754.89
gfx950,256,256,128,6144,False,torch.bfloat16,torch.float32,False,False,asm,8,12,9.442,_ZN5aiter39bf16gemm_fp32bf16_tn_96x64_splitk_cleanE,0.0,42.64,506.69
gfx950,256,256,2048,6144,False,torch.bfloat16,torch.float32,False,False,opus,1200,4,23.881,opus_gemm_flatmm_splitk_256x64x64x64_2x1_16x16x32_0x0x0_wgpcu2_nooob,0.0,269.77,1229.43
gfx950,256,256,3072,6144,False,torch.bfloat16,torch.float32,False,False,opus,1215,4,30.8967,opus_gemm_flatmm_splitk_256x64x96x64_2x1_16x16x32_0x0x0_wgpcu2_nooob,0.0,312.77,1374.49
gfx950,256,256,50016,6144,False,torch.bfloat16,torch.float32,False,False,opus,2009,0,187.2472,opus_gemm_512x256x256x64_2x4_16x16x32_0x0x0_cA1cB17,0.0,840.26,3435.84
gfx950,256,256,6144,2048,False,torch.bfloat16,torch.float32,False,False,opus,1216,1,24.8166,opus_gemm_flatmm_splitk_256x64x96x128_2x1_16x16x32_0x0x0_wgpcu1_nooob,0.0,259.6,1183.08
gfx950,256,256,6144,3072,False,torch.bfloat16,torch.float32,False,False,opus,1216,1,33.872,opus_gemm_flatmm_splitk_256x64x96x128_2x1_16x16x32_0x0x0_wgpcu1_nooob,0.0,285.3,1253.76
gfx950,256,320,128,6144,False,torch.bfloat16,torch.float32,False,False,asm,7,12,10.0395,_ZN5aiter39bf16gemm_fp32bf16_tn_80x64_splitk_cleanE,0.0,50.13,556.5
gfx950,256,320,2048,6144,False,torch.bfloat16,torch.float32,False,False,asm,7,2,26.3911,_ZN5aiter39bf16gemm_fp32bf16_tn_80x64_splitk_cleanE,0.0,305.14,1152.23
gfx950,256,320,3072,6144,False,torch.bfloat16,torch.float32,False,False,asm,6,1,38.3991,_ZN5aiter37bf16gemm_fp32bf16_tn_64x64_pf3_splitkE,0.0,314.58,1136.67
gfx950,256,320,50016,6144,False,torch.bfloat16,torch.float32,False,False,opus,5009,0,291.4036,opus_gemm_512x256x256x64_2x4_16x16x32_0x0x0_4g_safe,0.0,674.91,2232.43
gfx950,256,320,6144,2048,False,torch.bfloat16,torch.float32,False,False,asm,6,1,28.1672,_ZN5aiter37bf16gemm_fp32bf16_tn_64x64_pf3_splitkE,0.0,285.9,1079.58
gfx950,256,320,6144,3072,False,torch.bfloat16,torch.float32,False,False,asm,6,1,39.364,_ZN5aiter37bf16gemm_fp32bf16_tn_64x64_pf3_splitkE,0.0,306.87,1108.8
gfx950,256,512,128,6144,False,torch.bfloat16,torch.float32,False,False,opus,1202,4,11.9914,opus_gemm_flatmm_splitk_256x32x32x128_2x1_16x16x32_0x0x0_wgpcu2_nooob,0.0,67.16,666.76
gfx950,256,512,2048,6144,False,torch.bfloat16,torch.float32,False,False,asm,6,1,38.084,_ZN5aiter37bf16gemm_fp32bf16_tn_64x64_pf3_splitkE,0.0,338.33,881.06
gfx950,256,512,3072,6144,False,torch.bfloat16,torch.float32,False,False,opus,1215,2,49.9841,opus_gemm_flatmm_splitk_256x64x96x64_2x1_16x16x32_0x0x0_wgpcu2_nooob,0.0,386.67,944.02
gfx950,256,512,50016,6144,False,torch.bfloat16,torch.float32,False,False,opus,5009,0,339.6587,opus_gemm_512x256x256x64_2x4_16x16x32_0x0x0_4g_safe,0.0,926.44,1978.76
gfx950,256,512,6144,2048,False,torch.bfloat16,torch.float32,False,False,asm,9,1,39.0731,_ZN5aiter37bf16gemm_fp32bf16_tn_96x64_pf3_splitkE,0.0,329.76,858.76
gfx950,256,512,6144,3072,False,torch.bfloat16,torch.float32,False,False,opus,4006,0,46.0144,opus_gemm_512x128x128x64_2x4_16x16x32_0x0x0_nooob_cA17cB1,0.0,420.03,1025.46
gfx950,256,1024,128,6144,False,torch.bfloat16,torch.float32,False,False,asm,3,5,13.2957,_ZN5aiter39bf16gemm_fp32bf16_tn_48x64_splitk_cleanE,0.0,121.14,1084.4
gfx950,256,1024,2048,6144,False,torch.bfloat16,torch.float32,False,False,opus,1200,1,64.8432,opus_gemm_flatmm_splitk_256x64x64x64_2x1_16x16x32_0x0x0_wgpcu2_nooob,0.0,397.42,646.84
gfx950,256,1024,3072,6144,False,torch.bfloat16,torch.float32,False,False,opus,6006,0,76.1704,opus_gemm_512x128x128x64_2x4_16x16x32_0x0x0_nooob_4g_safe,0.0,507.48,743.37
gfx950,256,1024,50016,6144,False,torch.bfloat16,torch.float32,False,False,opus,5009,0,642.1795,opus_gemm_512x256x256x64_2x4_16x16x32_0x0x0_4g_safe,0.0,980.02,1136.15
gfx950,256,1024,6144,2048,False,torch.bfloat16,torch.float32,False,False,opus,303,0,46.6113,opus_gemm_persistent_512x128x128x64_2x4_16x16x32_0x0x0,0.0,552.87,899.85
gfx950,256,1024,6144,3072,False,torch.bfloat16,torch.float32,False,False,opus,2007,0,62.0624,opus_gemm_512x256x128x64_2x4_16x16x32_0x0x0_cA1cB17,0.0,622.84,912.36
gfx950,256,2048,128,6144,False,torch.bfloat16,torch.float32,False,False,asm,8,5,16.7988,_ZN5aiter39bf16gemm_fp32bf16_tn_96x64_splitk_cleanE,0.0,191.75,1622.91
gfx950,256,2048,2048,6144,False,torch.bfloat16,torch.float32,False,False,opus,315,0,77.4126,opus_gemm_persistent_512x128x128x64_2x4_16x16x32_0x0x0_cA0cB0,0.0,665.78,758.54
gfx950,256,2048,3072,6144,False,torch.bfloat16,torch.float32,False,False,opus,6007,0,99.6679,opus_gemm_512x256x128x64_2x4_16x16x32_0x0x0_nooob_4g_safe,0.0,775.67,757.49
gfx950,256,2048,50016,6144,False,torch.bfloat16,torch.float32,False,False,opus,2009,0,1036.457,opus_gemm_512x256x256x64_2x4_16x16x32_0x0x0_cA1cB17,0.0,1214.42,814.92
gfx950,256,2048,6144,2048,False,torch.bfloat16,torch.float32,False,False,asm,10,1,58.7492,_ZN5aiter24bf16gemm_bf16_tn_256x256E,0.0,877.28,999.51
gfx950,256,2048,6144,3072,False,torch.bfloat16,torch.float32,False,False,asm,10,1,77.3258,_ZN5aiter24bf16gemm_bf16_tn_256x256E,0.0,999.79,976.36
gfx950,256,4096,128,6144,False,torch.bfloat16,torch.float32,False,False,asm,5,2,25.5426,_ZN5aiter39bf16gemm_fp32bf16_tn_64x64_splitk_cleanE,0.0,252.22,2073.13
gfx950,256,4096,2048,6144,False,torch.bfloat16,torch.float32,False,False,opus,1301,0,99.2269,opus_gemm_persistent_512x128x256x64_2x4_16x16x32_0x0x0_nooob,0.0,1038.82,929.94
gfx950,256,4096,3072,6144,False,torch.bfloat16,torch.float32,False,False,asm,10,1,138.0331,_ZN5aiter24bf16gemm_bf16_tn_256x256E,0.0,1120.16,820.43
gfx950,256,4096,50016,6144,False,torch.bfloat16,torch.float32,False,False,opus,9,0,1980.2913,opus_gemm_512x256x256x64_2x4_16x16x32_0x0x0,0.0,1271.22,542.68
gfx950,256,4096,6144,2048,False,torch.bfloat16,torch.float32,False,False,asm,10,1,109.5022,_ZN5aiter24bf16gemm_bf16_tn_256x256E,0.0,941.34,842.67
gfx950,256,4096,6144,3072,False,torch.bfloat16,torch.float32,False,False,asm,10,1,147.9731,_ZN5aiter24bf16gemm_bf16_tn_256x256E,0.0,1044.91,765.32
gfx950,256,8192,128,6144,False,torch.bfloat16,torch.float32,False,False,asm,6,1,42.5995,_ZN5aiter37bf16gemm_fp32bf16_tn_64x64_pf3_splitkE,0.0,302.47,2449.17
gfx950,256,8192,2048,6144,False,torch.bfloat16,torch.float32,False,False,opus,1300,0,156.1796,opus_gemm_persistent_512x256x256x64_2x4_16x16x32_0x0x0_nooob,0.0,1320.01,1020.51
gfx950,256,8192,3072,6144,False,torch.bfloat16,torch.float32,False,False,asm,10,1,262.1828,_ZN5aiter24bf16gemm_bf16_tn_256x256E,0.0,1179.47,719.89
gfx950,256,8192,50016,6144,False,torch.bfloat16,torch.float32,False,False,opus,2009,0,3931.0983,opus_gemm_512x256x256x64_2x4_16x16x32_0x0x0_cA1cB17,0.0,1280.76,390.41
gfx950,256,8192,6144,2048,False,torch.bfloat16,torch.float32,False,False,asm,10,1,184.6449,_ZN5aiter24bf16gemm_bf16_tn_256x256E,0.0,1116.51,863.19
gfx950,256,8192,6144,3072,False,torch.bfloat16,torch.float32,False,False,asm,10,1,245.0526,_ZN5aiter24bf16gemm_bf16_tn_256x256E,0.0,1261.92,770.22
gfx950,256,16384,128,6144,False,torch.bfloat16,torch.float32,False,False,asm,6,1,81.0635,_ZN5aiter37bf16gemm_fp32bf16_tn_64x64_pf3_splitkE,0.0,317.9,2554.71
gfx950,256,16384,2048,6144,False,torch.bfloat16,torch.float32,False,False,opus,4009,0,311.994,opus_gemm_512x256x256x64_2x4_16x16x32_0x0x0_nooob_cA17cB1,0.0,1321.55,941.05
gfx950,256,16384,3072,6144,False,torch.bfloat16,torch.float32,False,False,asm,10,1,448.6444,_ZN5aiter24bf16gemm_bf16_tn_256x256E,0.0,1378.54,757.26
gfx950,256,16384,50016,6144,False,torch.bfloat16,torch.float32,False,False,opus,9,0,7715.4348,opus_gemm_512x256x256x64_2x4_16x16x32_0x0x0,0.0,1305.12,318.17
gfx950,256,16384,6144,2048,False,torch.bfloat16,torch.float32,False,False,asm,10,1,341.6912,_ZN5aiter24bf16gemm_bf16_tn_256x256E,0.0,1206.69,859.26
gfx950,256,16384,6144,3072,False,torch.bfloat16,torch.float32,False,False,asm,10,1,467.8675,_ZN5aiter24bf16gemm_bf16_tn_256x256E,0.0,1321.9,726.14
gfx950,256,16,256,7168,False,torch.bfloat16,torch.bfloat16,False,False,flydsl,4480,8,6.4399,flydsl_gemm6_abf16_wbf16_bf16_t16x64x128_split_k8_block_m_warp1_block_n_warp2_block_k_warp1_async_copyTrue_b_to_ldsTrue_b_preshuffleFalse_c_to_ldsFalse_gfx950,0.0273,9.12,606.78
gfx950,256,16,3072,1536,False,torch.bfloat16,torch.bfloat16,False,False,flydsl,2237,4,4.0088,flydsl_gemm3_abf16_wbf16_bf16_t16x64x128_split_k4_block_m_warp1_block_n_warp2_block_k_warp1_async_copyTrue_b_to_ldsTrue_b_preshuffleFalse_c_to_ldsFalse_gfx950,0.0076,37.67,2390.9
gfx950,256,1,7168,2048,False,torch.bfloat16,torch.bfloat16,False,False,flydsl,4265,2,5.548,flydsl_gemm8_abf16_wbf16_bf16_t16x64x64_split_k2_block_m_warp1_block_n_warp2_block_k_warp1_async_copyTrue_b_to_ldsTrue_b_preshuffleFalse_c_to_ldsFalse_gfx950,0.0025,5.29,5295.34
gfx950,256,8,7168,2048,False,torch.bfloat16,torch.bfloat16,False,False,flydsl,2449,2,5.7076,flydsl_gemm4_abf16_wbf16_bf16_t16x64x128_split_k2_block_m_warp1_block_n_warp2_block_k_warp1_async_copyTrue_b_to_ldsTrue_b_preshuffleFalse_c_to_ldsFalse_gfx950,0.0035,41.15,5169.88
gfx950,256,16,7168,2048,False,torch.bfloat16,torch.bfloat16,False,False,flydsl,2449,2,5.9173,flydsl_gemm4_abf16_wbf16_bf16_t16x64x128_split_k2_block_m_warp1_block_n_warp2_block_k_warp1_async_copyTrue_b_to_ldsTrue_b_preshuffleFalse_c_to_ldsFalse_gfx950,0.0034,79.39,5011.58
gfx950,256,32,7168,2048,False,torch.bfloat16,torch.bfloat16,False,False,flydsl,3230,2,6.8608,flydsl_gemm5_abf16_wbf16_bf16_t32x64x128_split_k2_block_m_warp1_block_n_warp4_block_k_warp1_async_copyTrue_b_to_ldsTrue_b_preshuffleFalse_c_to_ldsFalse_gfx950,0.0034,136.94,4365.37
gfx950,256,256,7168,2048,False,torch.bfloat16,torch.bfloat16,False,False,flydsl,2279,1,16.3559,flydsl_gemm3_abf16_wbf16_bf16_t128x64x128_split_k1_block_m_warp2_block_n_warp4_block_k_warp1_async_copyTrue_b_to_ldsTrue_b_preshuffleFalse_c_to_ldsFalse_gfx950,0.0,459.54,2083.57
gfx950,256,1,16160,7168,False,torch.bfloat16,torch.bfloat16,False,False,torch,0,0,42.7935,native,0.0,5.41,5414.76
gfx950,256,2,16160,7168,False,torch.bfloat16,torch.bfloat16,False,False,torch,0,0,38.6596,native,0.0,11.99,5994.97
gfx950,256,4,16160,7168,False,torch.bfloat16,torch.bfloat16,False,False,torch,0,0,38.758,native,0.0,23.91,5982.16
gfx950,256,8,16160,7168,False,torch.bfloat16,torch.bfloat16,False,False,torch,0,0,38.6124,native,0.0,48.0,6009.55
gfx950,256,16,16160,7168,False,torch.bfloat16,torch.bfloat16,False,False,torch,0,0,38.868,native,0.0,95.37,5979.63
gfx950,256,32,16160,7168,False,torch.bfloat16,torch.bfloat16,False,False,triton,0,0,41.7413,auto,0.0,177.6,5585.9
gfx950,256,4096,2048,4096,False,torch.bfloat16,torch.bfloat16,False,False,opus,6401,0,63.4145,opus_gemm_mono_tile_512x128x256x64_2x4_16x16x32_0x0x0_nooob_4g_safe,0.0,1083.66,1058.26
gfx950,256,16,64640,4096,False,torch.bfloat16,torch.bfloat16,False,False,triton,0,0,87.6394,auto,0.0,96.67,6067.25
gfx950,256,32,64640,4096,False,torch.bfloat16,torch.bfloat16,False,False,triton,0,0,93.0416,auto,0.0,182.12,5738.62
gfx950,256,16,129280,4096,False,torch.bfloat16,torch.bfloat16,False,False,torch,0,0,164.6388,native,0.0,102.92,6458.56
gfx950,256,32,129280,4096,False,torch.bfloat16,torch.bfloat16,False,False,torch,0,0,169.9832,native,0.0,199.37,6280.61
gfx950,256,2048,128,2880,True,torch.bfloat16,torch.bfloat16,False,False,asm,5,4,7.6554,_ZN5aiter39bf16gemm_fp32bf16_tn_64x64_splitk_cleanE,0.0103,197.24,1705.73
gfx950,256,1,2880,512,True,torch.bfloat16,torch.bfloat16,False,False,triton,0,0,2.8421,auto,0.0,1.04,1040.04
gfx950,256,4,2880,512,True,torch.bfloat16,torch.bfloat16,False,False,triton,0,0,4.4661,auto,0.0,2.64,666.41
gfx950,256,8,2880,512,True,torch.bfloat16,torch.bfloat16,False,False,triton,0,0,2.8986,auto,0.0,8.14,1036.15
gfx950,256,16,2880,512,True,torch.bfloat16,torch.bfloat16,False,False,triton,0,0,2.3073,auto,0.0,20.45,1325.21
gfx950,256,32,2880,512,True,torch.bfloat16,torch.bfloat16,False,False,triton,0,0,2.825,auto,0.0,33.41,1120.78
gfx950,256,64,2880,512,True,torch.bfloat16,torch.bfloat16,False,False,flydsl,1845,1,3.1162,flydsl_gemm6_abf16_wbf16_bf16_t32x64x64_split_k1_block_m_warp1_block_n_warp4_block_k_warp1_async_copyTrue_b_to_ldsTrue_b_preshuffleFalse_c_to_ldsFalse_gfx950,0.0,60.57,1085.71
gfx950,256,128,2880,512,True,torch.bfloat16,torch.bfloat16,False,False,flydsl,2118,1,5.178,flydsl_gemm6_abf16_wbf16_bf16_t32x64x64_split_k1_block_m_warp1_block_n_warp4_block_k_warp1_async_copyTrue_b_to_ldsTrue_b_preshuffleFalse_c_to_ldsFalse_gfx950,0.0,72.9,737.25
gfx950,256,32,2880,2048,True,torch.bfloat16,torch.bfloat16,False,False,flydsl,987,4,4.9513,flydsl_gemm4_abf16_wbf16_bf16_t32x64x128_split_k4_block_m_warp1_block_n_warp4_block_k_warp1_async_copyTrue_b_to_ldsTrue_b_preshuffleFalse_c_to_ldsFalse_gfx950,0.0101,76.24,2446.2
gfx950,256,64,2880,4096,True,torch.bfloat16,torch.bfloat16,False,False,flydsl,2569,2,9.3608,flydsl_gemm8_abf16_wbf16_bf16_t32x64x64_split_k2_block_m_warp1_block_n_warp2_block_k_warp2_async_copyTrue_b_to_ldsTrue_b_preshuffleFalse_c_to_ldsFalse_gfx950,0.0141,161.31,2615.79
gfx950,256,128,2880,4096,True,torch.bfloat16,torch.bfloat16,False,False,asm,5,2,13.001,_ZN5aiter39bf16gemm_fp32bf16_tn_64x64_splitk_cleanE,0.0048,232.28,1952.07
gfx950,256,256,2880,4096,True,torch.bfloat16,torch.bfloat16,False,False,torch,0,0,19.7596,native,0.0,305.66,1374.76
gfx950,256,16384,5120,2880,True,torch.bfloat16,torch.bfloat16,False,False,torch,0,0,356.0616,native,0.0,1357.02,819.06
gfx950,256,1,201088,2880,False,torch.bfloat16,torch.bfloat16,False,False,torch,0,0,181.7239,native,0.0,6.37,6376.02
gfx950,256,2,201088,2880,False,torch.bfloat16,torch.bfloat16,False,False,torch,0,0,182.4532,native,0.0,12.7,6352.77
gfx950,256,4,201088,2880,False,torch.bfloat16,torch.bfloat16,False,False,torch,0,0,182.6694,native,0.0,25.36,6349.71
gfx950,256,8,201088,2880,False,torch.bfloat16,torch.bfloat16,False,False,torch,0,0,176.0904,native,0.0,52.62,6596.22
gfx950,256,32,2304,1536,False,torch.bfloat16,torch.bfloat16,False,False,flydsl,6423,3,3.9154,flydsl_gemm7_abf16_wbf16_bf16_t16x64x64_split_k3_block_m_warp1_block_n_warp2_block_k_warp1_async_copyTrue_b_to_ldsTrue_b_preshuffleFalse_c_to_ldsFalse_gfx950,0.0057,57.85,1870.47
gfx950,256,4,3072,512,False,torch.bfloat16,torch.bfloat16,False,False,triton,0,0,2.4851,auto,0.0,5.06,1277.37
gfx950,256,32,3072,512,False,torch.bfloat16,torch.bfloat16,False,False,triton,0,0,4.1162,auto,0.0,24.46,819.96
gfx950,256,64,3072,512,False,torch.bfloat16,torch.bfloat16,False,False,flydsl,4183,1,3.254,flydsl_gemm6_abf16_wbf16_bf16_t16x64x64_split_k1_block_m_warp1_block_n_warp2_block_k_warp1_async_copyTrue_b_to_ldsTrue_b_preshuffleFalse_c_to_ldsFalse_gfx950,0.0,61.87,1107.71
gfx950,256,1,7168,3584,False,torch.bfloat16,torch.bfloat16,False,False,flydsl,4797,2,11.3726,flydsl_gemm8_abf16_wbf16_bf16_t16x64x64_split_k2_block_m_warp1_block_n_warp2_block_k_warp1_async_copyTrue_b_to_ldsTrue_b_preshuffleFalse_c_to_ldsFalse_gfx950,0.0066,4.52,4519.79
gfx950,256,2,7168,768,False,torch.bfloat16,torch.bfloat16,False,False,flydsl,4442,2,3.7966,flydsl_gemm6_abf16_wbf16_bf16_t16x64x64_split_k2_block_m_warp1_block_n_warp1_block_k_warp1_async_copyTrue_b_to_ldsTrue_b_preshuffleFalse_c_to_ldsFalse_gfx950,0.002,5.8,2908.34
gfx950,256,2,7168,1536,False,torch.bfloat16,torch.bfloat16,False,False,flydsl,4969,2,4.9259,flydsl_gemm5_abf16_wbf16_bf16_t16x64x128_split_k2_block_m_warp1_block_n_warp2_block_k_warp1_async_copyTrue_b_to_ldsTrue_b_preshuffleFalse_c_to_ldsFalse_gfx950,0.0021,8.94,4477.34
gfx950,256,2,7168,3584,False,torch.bfloat16,torch.bfloat16,False,False,flydsl,2644,4,8.4804,flydsl_gemm4_abf16_wbf16_bf16_t16x64x128_split_k4_block_m_warp1_block_n_warp2_block_k_warp1_async_copyTrue_b_to_ldsTrue_b_preshuffleFalse_c_to_ldsFalse_gfx950,0.0128,12.12,6063.77
gfx950,256,4,7168,1536,False,torch.bfloat16,torch.bfloat16,False,False,flydsl,4969,2,4.9748,flydsl_gemm5_abf16_wbf16_bf16_t16x64x128_split_k2_block_m_warp1_block_n_warp2_block_k_warp1_async_copyTrue_b_to_ldsTrue_b_preshuffleFalse_c_to_ldsFalse_gfx950,0.0025,17.71,4440.32
gfx950,256,4,7168,3584,False,torch.bfloat16,torch.bfloat16,False,False,flydsl,2665,4,8.5393,flydsl_gemm4_abf16_wbf16_bf16_t16x64x64_split_k4_block_m_warp1_block_n_warp2_block_k_warp1_async_copyTrue_b_to_ldsTrue_b_preshuffleFalse_c_to_ldsFalse_gfx950,0.0125,24.07,6026.99
gfx950,256,8,7168,3584,False,torch.bfloat16,torch.bfloat16,False,False,triton,0,0,11.7928,auto,0.0,34.86,4371.5
gfx950,256,16,7168,768,False,torch.bfloat16,torch.bfloat16,False,False,flydsl,4444,2,3.9873,flydsl_gemm6_abf16_wbf16_bf16_t16x64x64_split_k2_block_m_warp1_block_n_warp2_block_k_warp1_async_copyTrue_b_to_ldsTrue_b_preshuffleFalse_c_to_ldsFalse_gfx950,0.0018,44.18,2824.97
gfx950,256,16,7168,1536,False,torch.bfloat16,torch.bfloat16,False,False,flydsl,3790,2,5.2335,flydsl_gemm4_abf16_wbf16_bf16_t16x64x128_split_k2_block_m_warp1_block_n_warp2_block_k_warp1_async_copyTrue_b_to_ldsTrue_b_preshuffleFalse_c_to_ldsFalse_gfx950,0.0029,67.32,4260.75
gfx950,256,16,7168,3584,False,torch.bfloat16,torch.bfloat16,False,False,triton,0,0,12.1182,auto,0.0,67.84,4268.31
gfx950,256,32,7168,1536,False,torch.bfloat16,torch.bfloat16,False,False,flydsl,5086,2,5.9132,flydsl_gemm5_abf16_wbf16_bf16_t32x64x128_split_k2_block_m_warp1_block_n_warp4_block_k_warp1_async_copyTrue_b_to_ldsTrue_b_preshuffleFalse_c_to_ldsFalse_gfx950,0.0028,119.16,3818.09
gfx950,256,32,7168,4224,False,torch.bfloat16,torch.bfloat16,False,False,flydsl,3558,2,11.8593,flydsl_gemm6_abf16_wbf16_bf16_t32x64x64_split_k2_block_m_warp2_block_n_warp2_block_k_warp1_async_copyTrue_b_to_ldsTrue_b_preshuffleFalse_c_to_ldsFalse_gfx950,0.0048,163.4,5167.62
gfx950,256,16,9216,16384,False,torch.bfloat16,torch.bfloat16,False,False,flydsl,2457,1,59.3583,flydsl_gemm4_abf16_wbf16_bf16_t16x64x256_split_k1_block_m_warp1_block_n_warp1_block_k_warp2_async_copyTrue_b_to_ldsTrue_b_preshuffleFalse_c_to_ldsFalse_gfx950,0.0071,81.4,5101.38
gfx950,256,32,9216,16384,False,torch.bfloat16,torch.bfloat16,False,False,flydsl,1683,1,64.8418,flydsl_gemm3_abf16_wbf16_bf16_t32x64x256_split_k1_block_m_warp2_block_n_warp1_block_k_warp2_async_copyTrue_b_to_ldsTrue_b_preshuffleFalse_c_to_ldsFalse_gfx950,0.0073,149.03,4682.6
gfx950,256,16,13312,16384,False,torch.bfloat16,torch.bfloat16,False,False,torch,0,0,77.7258,native,0.0,89.79,5624.36
gfx950,256,32,13312,16384,False,torch.bfloat16,torch.bfloat16,False,False,flydsl,1683,1,78.2768,flydsl_gemm3_abf16_wbf16_bf16_t32x64x256_split_k1_block_m_warp2_block_n_warp1_block_k_warp2_async_copyTrue_b_to_ldsTrue_b_preshuffleFalse_c_to_ldsFalse_gfx950,0.0074,178.32,5596.91
gfx950,256,1,16384,4096,False,torch.bfloat16,torch.bfloat16,False,False,triton,0,0,22.7077,auto,0.0,5.91,5912.47
gfx950,256,1,16384,8192,False,torch.bfloat16,torch.bfloat16,False,False,flydsl,2457,1,50.7787,flydsl_gemm4_abf16_wbf16_bf16_t16x64x256_split_k1_block_m_warp1_block_n_warp1_block_k_warp2_async_copyTrue_b_to_ldsTrue_b_preshuffleFalse_c_to_ldsFalse_gfx950,0.0057,5.29,5287.35
gfx950,256,16,16384,2048,False,torch.bfloat16,torch.bfloat16,False,False,triton,0,0,12.812,auto,0.0,83.81,5284.01
gfx950,256,16,16384,4096,False,torch.bfloat16,torch.bfloat16,False,False,triton,0,0,23.3772,auto,0.0,91.86,5769.43
gfx950,256,16,16384,6656,False,torch.bfloat16,torch.bfloat16,False,False,torch,0,0,37.7221,native,0.0,92.51,5801.4
gfx950,256,16,16384,8192,False,torch.bfloat16,torch.bfloat16,False,False,torch,0,0,48.8326,native,0.0,87.95,5513.16
gfx950,256,16,16384,13312,False,torch.bfloat16,torch.bfloat16,False,False,torch,0,0,68.7096,native,0.0,101.58,6362.4
gfx950,256,32,16384,2048,False,torch.bfloat16,torch.bfloat16,False,False,torch,0,0,12.6045,native,0.0,170.37,5417.79
gfx950,256,32,16384,4096,False,torch.bfloat16,torch.bfloat16,False,False,triton,0,0,23.6885,auto,0.0,181.31,5721.28
gfx950,256,32,16384,6656,False,torch.bfloat16,torch.bfloat16,False,False,flydsl,2835,1,39.1477,flydsl_gemm4_abf16_wbf16_bf16_t32x64x128_split_k1_block_m_warp2_block_n_warp2_block_k_warp1_async_copyTrue_b_to_ldsTrue_b_preshuffleFalse_c_to_ldsFalse_gfx950,0.0,178.28,5608.97
gfx950,256,32,16384,8192,False,torch.bfloat16,torch.bfloat16,False,False,triton,0,0,47.6141,auto,0.0,180.41,5670.76
gfx950,256,32,16384,13312,False,torch.bfloat16,torch.bfloat16,False,False,flydsl,3195,1,73.9276,flydsl_gemm4_abf16_wbf16_bf16_t32x64x128_split_k1_block_m_warp1_block_n_warp4_block_k_warp1_async_copyTrue_b_to_ldsTrue_b_preshuffleFalse_c_to_ldsFalse_gfx950,0.0,188.82,5926.18
gfx950,256,128,16384,2048,False,torch.bfloat16,torch.bfloat16,False,False,flydsl,3631,1,19.553,flydsl_gemm4_abf16_wbf16_bf16_t128x64x64_split_k1_block_m_warp2_block_n_warp2_block_k_warp1_async_copyTrue_b_to_ldsTrue_b_preshuffleFalse_c_to_ldsFalse_gfx950,0.0,439.32,3673.47
gfx950,256,128,16384,4096,False,torch.bfloat16,torch.bfloat16,False,False,flydsl,2284,1,36.0038,flydsl_gemm3_abf16_wbf16_bf16_t128x64x128_split_k1_block_m_warp4_block_n_warp2_block_k_warp1_async_copyTrue_b_to_ldsTrue_b_preshuffleFalse_c_to_ldsFalse_gfx950,0.0,477.17,3873.5
gfx950,256,128,16384,6656,False,torch.bfloat16,torch.bfloat16,False,False,flydsl,2509,1,56.3114,flydsl_gemm3_abf16_wbf16_bf16_t128x64x128_split_k1_block_m_warp2_block_n_warp4_block_k_warp1_async_copyTrue_b_to_ldsTrue_b_preshuffleFalse_c_to_ldsFalse_gfx950,0.0,495.77,3977.92
gfx950,256,128,16384,8192,False,torch.bfloat16,torch.bfloat16,False,False,torch,0,0,68.4983,native,0.0,501.61,4010.71
gfx950,256,16,26624,16384,False,torch.bfloat16,torch.bfloat16,False,False,flydsl,28,1,140.8506,flydsl_gemm2_abf16_wbf16_bf16_t16x128x256_split_k1_block_m_warp1_block_n_warp2_block_k_warp2_async_copyTrue_b_to_ldsTrue_b_preshuffleFalse_c_to_ldsFalse_gfx950,0.0073,99.1,6203.68
gfx950,256,32,26624,16384,False,torch.bfloat16,torch.bfloat16,False,False,flydsl,200,1,143.4907,flydsl_gemm2_abf16_wbf16_bf16_t32x128x256_split_k1_block_m_warp2_block_n_warp2_block_k_warp2_async_copyTrue_b_to_ldsTrue_b_preshuffleFalse_c_to_ldsFalse_gfx950,0.0074,194.56,6099.13
gfx950,256,1,53248,16384,False,torch.bfloat16,torch.bfloat16,False,False,flydsl,28,1,280.2073,flydsl_gemm2_abf16_wbf16_bf16_t16x128x256_split_k1_block_m_warp1_block_n_warp2_block_k_warp2_async_copyTrue_b_to_ldsTrue_b_preshuffleFalse_c_to_ldsFalse_gfx950,0.0079,6.23,6227.42
gfx950,256,16,53248,16384,False,torch.bfloat16,torch.bfloat16,False,False,flydsl,28,1,283.1393,flydsl_gemm2_abf16_wbf16_bf16_t16x128x256_split_k1_block_m_warp1_block_n_warp2_block_k_warp2_async_copyTrue_b_to_ldsTrue_b_preshuffleFalse_c_to_ldsFalse_gfx950,0.0075,98.6,6170.32
gfx950,256,32,53248,16384,False,torch.bfloat16,torch.bfloat16,False,False,flydsl,200,1,285.451,flydsl_gemm2_abf16_wbf16_bf16_t32x128x256_split_k1_block_m_warp2_block_n_warp2_block_k_warp2_async_copyTrue_b_to_ldsTrue_b_preshuffleFalse_c_to_ldsFalse_gfx950,0.0075,195.6,6128.15
gfx950,256,128,7168,8192,False,torch.bfloat16,torch.bfloat16,False,False,torch,0,0,39.3508,native,0.0,382.01,3084.38
gfx950,256,256,7168,8192,False,torch.bfloat16,torch.bfloat16,False,False,flydsl,2968,1,53.8169,flydsl_gemm3_abf16_wbf16_bf16_t64x128x128_split_k1_block_m_warp2_block_n_warp4_block_k_warp2_async_copyTrue_b_to_ldsTrue_b_preshuffleFalse_c_to_ldsFalse_gfx950,0.0063,558.65,2328.35
gfx950,256,16,8192,1024,False,torch.bfloat16,torch.bfloat16,False,False,triton,0,0,4.3457,auto,0.0,61.77,3928.51
gfx950,256,1,100,5120,False,torch.bfloat16,torch.bfloat16,False,False,skinny,2,0,2.7312,sol2,0.0,0.37,378.75
gfx950,256,16,100,5120,False,torch.bfloat16,torch.bfloat16,False,False,torch,0,0,7.4803,native,0.0,2.19,159.22
gfx950,256,32,100,5120,False,torch.bfloat16,torch.bfloat16,False,False,torch,0,0,8.3359,native,0.0,3.93,162.92
gfx950,256,64,100,5120,False,torch.bfloat16,torch.bfloat16,False,False,torch,0,0,7.4254,native,0.0,8.83,227.89
gfx950,256,128,100,5120,False,torch.bfloat16,torch.bfloat16,False,False,torch,0,0,7.5239,native,0.0,17.42,313.71
gfx950,256,256,100,5120,False,torch.bfloat16,torch.bfloat16,False,False,torch,0,0,9.5631,native,0.0,27.41,386.55
gfx950,256,512,100,5120,False,torch.bfloat16,torch.bfloat16,False,False,torch,0,0,8.3097,native,0.0,63.09,766.49
gfx950,256,1024,100,5120,False,torch.bfloat16,torch.bfloat16,False,False,torch,0,0,12.0142,native,0.0,87.28,975.06
gfx950,256,2048,100,5120,False,torch.bfloat16,torch.bfloat16,False,False,torch,0,0,14.7006,native,0.0,142.66,1524.1
gfx950,256,4096,100,5120,False,torch.bfloat16,torch.bfloat16,False,False,torch,0,0,20.4055,native,0.0,205.55,2145.81
gfx950,256,8192,100,5120,False,torch.bfloat16,torch.bfloat16,False,False,torch,0,0,29.2022,native,0.0,287.26,2963.77
gfx950,256,16384,100,5120,False,torch.bfloat16,torch.bfloat16,False,False,torch,0,0,43.5951,native,0.0,384.84,3947.07
gfx950,256,32768,100,5120,False,torch.bfloat16,torch.bfloat16,False,False,torch,0,0,72.7088,native,0.0,461.49,4719.13
gfx950,256,1,200,5120,False,torch.bfloat16,torch.bfloat16,False,False,skinny,2,0,2.713,sol2,0.0,0.75,758.81
gfx950,256,16,200,5120,False,torch.bfloat16,torch.bfloat16,False,False,torch,0,0,7.6717,native,0.0,4.27,289.15
gfx950,256,32,200,5120,False,torch.bfloat16,torch.bfloat16,False,False,torch,0,0,8.1667,native,0.0,8.02,292.47
gfx950,256,64,200,5120,False,torch.bfloat16,torch.bfloat16,False,False,torch,0,0,9.4427,native,0.0,13.88,289.0
gfx950,256,128,200,5120,False,torch.bfloat16,torch.bfloat16,False,False,torch,0,0,7.6032,native,0.0,34.48,448.48
gfx950,256,256,200,5120,False,torch.bfloat16,torch.bfloat16,False,False,torch,0,0,9.9491,native,0.0,52.7,479.63
gfx950,256,512,200,5120,False,torch.bfloat16,torch.bfloat16,False,False,torch,0,0,10.4585,native,0.0,100.26,716.71
gfx950,256,1024,200,5120,False,torch.bfloat16,torch.bfloat16,False,False,torch,0,0,13.9789,native,0.0,150.02,925.92
gfx950,256,2048,200,5120,False,torch.bfloat16,torch.bfloat16,False,False,torch,0,0,20.4654,native,0.0,204.95,1164.83
gfx950,256,4096,200,5120,False,torch.bfloat16,torch.bfloat16,False,False,torch,0,0,29.8609,native,0.0,280.92,1528.07
gfx950,256,8192,200,5120,False,torch.bfloat16,torch.bfloat16,False,False,torch,0,0,39.6747,native,0.0,422.87,2248.56
gfx950,256,16384,200,5120,False,torch.bfloat16,torch.bfloat16,False,False,torch,0,0,62.2438,native,0.0,539.08,2833.6
gfx950,256,32768,200,5120,False,torch.bfloat16,torch.bfloat16,False,False,torch,0,0,91.2137,native,0.0,735.73,3844.81
gfx950,256,1,800,5120,False,torch.bfloat16,torch.bfloat16,False,False,opus,201,8,9.6042,opus_gemm_flatmm_splitk_256x32x32x64_2x1_16x16x32_0x0x0_wgpcu2,0.0,0.85,854.19
gfx950,256,16,800,5120,False,torch.bfloat16,torch.bfloat16,False,False,torch,0,0,9.4195,native,0.0,13.91,889.8
gfx950,256,32,800,5120,False,torch.bfloat16,torch.bfloat16,False,False,torch,0,0,10.5171,native,0.0,24.93,814.95
gfx950,256,64,800,5120,False,torch.bfloat16,torch.bfloat16,False,False,opus,1202,5,9.1013,opus_gemm_flatmm_splitk_256x32x32x128_2x1_16x16x32_0x0x0_wgpcu2_nooob,0.0,57.61,983.35
gfx950,256,128,800,5120,False,torch.bfloat16,torch.bfloat16,False,False,opus,1206,5,10.647,opus_gemm_flatmm_splitk_256x64x32x128_2x1_16x16x32_0x0x0_wgpcu2_nooob,0.0,98.49,911.76
gfx950,256,256,800,5120,False,torch.bfloat16,torch.bfloat16,False,False,torch,0,0,13.7491,native,0.0,152.53,816.27
gfx950,256,512,800,5120,False,torch.bfloat16,torch.bfloat16,False,False,opus,1207,5,18.7838,opus_gemm_flatmm_splitk_256x128x32x64_2x1_16x16x32_0x0x0_wgpcu2_nooob,0.0,223.29,758.85
gfx950,256,1024,800,5120,False,torch.bfloat16,torch.bfloat16,False,False,torch,0,0,24.6388,native,0.0,340.46,824.56
gfx950,256,2048,800,5120,False,torch.bfloat16,torch.bfloat16,False,False,torch,0,0,39.8524,native,0.0,420.98,814.01
gfx950,256,4096,800,5120,False,torch.bfloat16,torch.bfloat16,False,False,torch,0,0,58.6404,native,0.0,572.21,966.72
gfx950,256,8192,800,5120,False,torch.bfloat16,torch.bfloat16,False,False,opus,5301,0,79.6365,opus_gemm_persistent_512x128x256x64_2x4_16x16x32_0x0x0_4g_safe,0.0,842.69,1320.82
gfx950,256,16384,800,5120,False,torch.bfloat16,torch.bfloat16,False,False,torch,0,0,121.8295,native,0.0,1101.68,1659.52
gfx950,256,32768,800,5120,False,torch.bfloat16,torch.bfloat16,False,False,torch,0,0,240.7697,native,0.0,1114.91,1645.41
gfx950,256,1,4096,512,False,torch.bfloat16,torch.bfloat16,False,False,triton,0,0,2.6262,auto,0.0,1.6,1600.61
gfx950,256,2,4096,512,False,torch.bfloat16,torch.bfloat16,False,False,triton,0,0,2.6823,auto,0.0,3.13,1570.57
gfx950,256,4,4096,512,False,torch.bfloat16,torch.bfloat16,False,False,triton,0,0,2.6574,auto,0.0,6.31,1592.22
gfx950,256,8,4096,512,False,torch.bfloat16,torch.bfloat16,False,False,triton,0,0,2.7348,auto,0.0,12.27,1560.64
gfx950,256,16,4096,512,False,torch.bfloat16,torch.bfloat16,False,False,triton,0,0,2.339,auto,0.0,28.69,1856.25
gfx950,256,32,4096,512,False,torch.bfloat16,torch.bfloat16,False,False,triton,0,0,2.8022,auto,0.0,47.9,1602.03
gfx950,256,16,5120,640,False,torch.bfloat16,torch.bfloat16,False,False,flydsl,2204,2,3.7365,flydsl_gemm5_abf16_wbf16_bf16_t16x64x64_split_k2_block_m_warp1_block_n_warp2_block_k_warp1_async_copyTrue_b_to_ldsTrue_b_preshuffleFalse_c_to_ldsFalse_gfx950,0.0013,28.06,1803.27
gfx950,256,16,5120,1280,False,torch.bfloat16,torch.bfloat16,False,False,flydsl,3391,2,4.748,flydsl_gemm5_abf16_wbf16_bf16_t16x64x128_split_k2_block_m_warp1_block_n_warp2_block_k_warp1_async_copyTrue_b_to_ldsTrue_b_preshuffleFalse_c_to_ldsFalse_gfx950,0.0026,44.17,2803.71
gfx950,256,128,5120,640,False,torch.bfloat16,torch.bfloat16,False,False,flydsl,2989,1,6.7355,flydsl_gemm4_abf16_wbf16_bf16_t48x64x64_split_k1_block_m_warp1_block_n_warp2_block_k_warp1_async_copyTrue_b_to_ldsTrue_b_preshuffleFalse_c_to_ldsFalse_gfx950,0.0,124.54,1191.92
gfx950,256,8,6144,2048,False,torch.bfloat16,torch.bfloat16,False,False,flydsl,3161,2,5.5281,flydsl_gemm5_abf16_wbf16_bf16_t16x64x128_split_k2_block_m_warp1_block_n_warp2_block_k_warp1_async_copyTrue_b_to_ldsTrue_b_preshuffleFalse_c_to_ldsFalse_gfx950,0.0036,36.42,4576.06
gfx950,256,16,6144,2048,False,torch.bfloat16,torch.bfloat16,False,False,flydsl,2449,2,5.6566,flydsl_gemm4_abf16_wbf16_bf16_t16x64x128_split_k2_block_m_warp1_block_n_warp2_block_k_warp1_async_copyTrue_b_to_ldsTrue_b_preshuffleFalse_c_to_ldsFalse_gfx950,0.0035,71.18,4495.27
gfx950,256,32,6144,2048,False,torch.bfloat16,torch.bfloat16,False,False,flydsl,3230,2,6.6501,flydsl_gemm5_abf16_wbf16_bf16_t32x64x128_split_k2_block_m_warp1_block_n_warp4_block_k_warp1_async_copyTrue_b_to_ldsTrue_b_preshuffleFalse_c_to_ldsFalse_gfx950,0.0034,121.1,3863.12
gfx950,256,1,8192,4096,False,torch.bfloat16,torch.bfloat16,False,False,triton,0,0,11.6761,auto,0.0,5.75,5749.65
gfx950,256,2,8192,4096,False,torch.bfloat16,torch.bfloat16,False,False,triton,0,0,11.8116,auto,0.0,11.36,5685.77
gfx950,256,4,8192,4096,False,torch.bfloat16,torch.bfloat16,False,False,triton,0,0,14.0805,auto,0.0,19.06,4773.07
gfx950,256,8,8192,4096,False,torch.bfloat16,torch.bfloat16,False,False,triton,0,0,12.1364,auto,0.0,44.24,5545.75
gfx950,256,16,8192,2048,False,torch.bfloat16,torch.bfloat16,False,False,flydsl,2449,2,6.1248,flydsl_gemm4_abf16_wbf16_bf16_t16x64x128_split_k2_block_m_warp1_block_n_warp2_block_k_warp1_async_copyTrue_b_to_ldsTrue_b_preshuffleFalse_c_to_ldsFalse_gfx950,0.0034,87.66,5531.95
gfx950,256,16,8192,4096,False,torch.bfloat16,torch.bfloat16,False,False,triton,0,0,12.0281,auto,0.0,89.27,5612.03
gfx950,256,32,8192,1024,False,torch.bfloat16,torch.bfloat16,False,False,triton,0,0,4.8444,auto,0.0,110.82,3584.97
gfx950,256,32,8192,2048,False,torch.bfloat16,torch.bfloat16,False,False,flydsl,2622,2,7.5403,flydsl_gemm4_abf16_wbf16_bf16_t32x64x128_split_k2_block_m_warp1_block_n_warp4_block_k_warp1_async_copyTrue_b_to_ldsTrue_b_preshuffleFalse_c_to_ldsFalse_gfx950,0.0034,142.4,4536.93
gfx950,256,32,8192,4096,False,torch.bfloat16,torch.bfloat16,False,False,triton,0,0,13.6596,auto,0.0,157.21,4970.52
gfx950,256,64,8192,2048,False,torch.bfloat16,torch.bfloat16,False,False,triton,0,0,9.3291,auto,0.0,230.19,3737.25
gfx950,256,64,8192,4096,False,torch.bfloat16,torch.bfloat16,False,False,triton,0,0,15.4075,auto,0.0,278.76,4457.68
gfx950,256,128,8192,1024,False,torch.bfloat16,torch.bfloat16,False,False,flydsl,4158,1,6.9437,flydsl_gemm4_abf16_wbf16_bf16_t64x64x128_split_k1_block_m_warp2_block_n_warp4_block_k_warp1_async_copyTrue_b_to_ldsTrue_b_preshuffleFalse_c_to_ldsFalse_gfx950,0.0,309.27,2755.95
gfx950,256,128,8192,2048,False,torch.bfloat16,torch.bfloat16,False,False,flydsl,5960,1,11.8541,flydsl_gemm8_abf16_wbf16_bf16_t64x64x64_split_k1_block_m_warp4_block_n_warp2_block_k_warp1_async_copyTrue_b_to_ldsTrue_b_preshuffleFalse_c_to_ldsFalse_gfx950,0.0,362.32,3051.76
gfx950,256,128,8192,8192,False,torch.bfloat16,torch.bfloat16,False,False,flydsl,4924,1,44.113,flydsl_gemm5_abf16_wbf16_bf16_t64x64x128_split_k1_block_m_warp2_block_n_warp2_block_k_warp2_async_copyTrue_b_to_ldsTrue_b_preshuffleFalse_c_to_ldsFalse_gfx950,0.0062,389.45,3137.67
gfx950,256,256,8192,2048,False,torch.bfloat16,torch.bfloat16,False,False,flydsl,2279,1,17.4392,flydsl_gemm3_abf16_wbf16_bf16_t128x64x128_split_k1_block_m_warp2_block_n_warp4_block_k_warp1_async_copyTrue_b_to_ldsTrue_b_preshuffleFalse_c_to_ldsFalse_gfx950,0.0,492.56,2224.72
gfx950,256,256,8192,3584,False,torch.bfloat16,torch.bfloat16,False,False,flydsl,3259,1,26.9934,flydsl_gemm3_abf16_wbf16_bf16_t64x128x128_split_k1_block_m_warp2_block_n_warp4_block_k_warp2_async_copyTrue_b_to_ldsTrue_b_preshuffleFalse_c_to_ldsFalse_gfx950,0.0047,556.89,2398.72
gfx950,256,256,8192,7168,False,torch.bfloat16,torch.bfloat16,False,False,flydsl,3630,1,49.799,flydsl_gemm3_abf16_wbf16_bf16_t64x128x128_split_k1_block_m_warp2_block_n_warp4_block_k_warp2_async_copyTrue_b_to_ldsTrue_b_preshuffleFalse_c_to_ldsFalse_gfx950,0.006,603.72,2516.21
gfx950,256,256,8192,8192,False,torch.bfloat16,torch.bfloat16,False,False,flydsl,2968,1,56.8592,flydsl_gemm3_abf16_wbf16_bf16_t64x128x128_split_k1_block_m_warp2_block_n_warp4_block_k_warp2_async_copyTrue_b_to_ldsTrue_b_preshuffleFalse_c_to_ldsFalse_gfx950,0.0063,604.3,2508.06
gfx950,256,32,10240,8192,False,torch.bfloat16,torch.bfloat16,False,False,flydsl,1683,1,35.5936,flydsl_gemm3_abf16_wbf16_bf16_t32x64x256_split_k1_block_m_warp2_block_n_warp1_block_k_warp2_async_copyTrue_b_to_ldsTrue_b_preshuffleFalse_c_to_ldsFalse_gfx950,0.0062,150.83,4746.69
gfx950,256,128,10240,8192,False,torch.bfloat16,torch.bfloat16,False,False,torch,0,0,50.6937,native,0.0,423.62,3402.61
gfx950,256,16,12800,5120,False,torch.bfloat16,torch.bfloat16,False,False,flydsl,2172,1,24.3816,flydsl_gemm3_abf16_wbf16_bf16_t16x64x256_split_k1_block_m_warp1_block_n_warp1_block_k_warp2_async_copyTrue_b_to_ldsTrue_b_preshuffleFalse_c_to_ldsFalse_gfx950,0.0053,86.01,5399.38
gfx950,256,16,14336,8192,False,torch.bfloat16,torch.bfloat16,False,False,torch,0,0,42.7037,native,0.0,88.0,5517.13
gfx950,256,32,14336,8192,False,torch.bfloat16,torch.bfloat16,False,False,torch,0,0,42.184,native,0.0,178.18,5602.19
gfx950,256,128,14336,8192,False,torch.bfloat16,torch.bfloat16,False,False,torch,0,0,61.8624,native,0.0,485.99,3890.06
gfx950,256,1,24576,4096,False,torch.bfloat16,torch.bfloat16,False,False,flydsl,109,1,35.9513,flydsl_gemm2_abf16_wbf16_bf16_t16x64x256_split_k1_block_m_warp1_block_n_warp1_block_k_warp2_async_copyTrue_b_to_ldsTrue_b_preshuffleFalse_c_to_ldsFalse_gfx950,0.0052,5.6,5601.58
gfx950,256,2,24576,4096,False,torch.bfloat16,torch.bfloat16,False,False,torch,0,0,34.5422,native,0.0,11.66,5831.74
gfx950,256,4,24576,4096,False,torch.bfloat16,torch.bfloat16,False,False,torch,0,0,34.2335,native,0.0,23.52,5887.68
gfx950,256,8,24576,4096,False,torch.bfloat16,torch.bfloat16,False,False,torch,0,0,34.4178,native,0.0,46.8,5862.82
gfx950,256,16,24576,4096,False,torch.bfloat16,torch.bfloat16,False,False,triton,0,0,36.7567,auto,0.0,87.64,5502.24
gfx950,256,1,50016,6144,False,torch.bfloat16,torch.bfloat16,False,False,triton,0,0,114.6989,auto,0.0,5.36,5359.33
gfx950,256,2,50016,6144,False,torch.bfloat16,torch.bfloat16,False,False,triton,0,0,98.2912,auto,0.0,12.51,6255.1
gfx950,256,4,50016,6144,False,torch.bfloat16,torch.bfloat16,False,False,triton,0,0,109.0072,auto,0.0,22.55,5642.25
gfx950,256,8,50016,6144,False,torch.bfloat16,torch.bfloat16,False,False,triton,0,0,104.0424,auto,0.0,47.26,5915.81
gfx950,256,16,50016,6144,False,torch.bfloat16,torch.bfloat16,False,False,triton,0,0,107.52,auto,0.0,91.46,5732.83
gfx950,256,32,50016,6144,False,torch.bfloat16,torch.bfloat16,False,False,triton,0,0,114.0106,auto,0.0,172.5,5422.22
gfx950,256,1,57344,8192,False,torch.bfloat16,torch.bfloat16,False,False,torch,0,0,144.995,native,0.0,6.48,6480.6
gfx950,256,16,57344,8192,False,torch.bfloat16,torch.bfloat16,False,False,torch,0,0,145.3649,native,0.0,103.41,6477.64
gfx950,256,32,57344,8192,False,torch.bfloat16,torch.bfloat16,False,False,torch,0,0,146.4102,native,0.0,205.35,6445.71
gfx950,256,1,151936,4096,False,torch.bfloat16,torch.bfloat16,False,False,torch,0,0,202.027,native,0.0,6.16,6162.4
gfx950,256,2,151936,4096,False,torch.bfloat16,torch.bfloat16,False,False,triton,0,0,196.1943,auto,0.0,12.69,6347.2
gfx950,256,4,151936,4096,False,torch.bfloat16,torch.bfloat16,False,False,triton,0,0,189.4412,auto,0.0,26.28,6576.75
gfx950,256,8,151936,4096,False,torch.bfloat16,torch.bfloat16,False,False,triton,0,0,193.9002,auto,0.0,51.35,6431.95
