gfx,cu_num,token,model_dim,inter_dim,expert,topk,act_type,dtype,q_dtype_a,q_dtype_w,q_type,use_g1u1,doweight_stage1,block_m,ksplit,us1,kernelName1,err1,us2,kernelName2,err2,us,run_1stage,xbf16,flat,tflops,bw,_tag
gfx950,256,1,6144,768,129,5,ActivationType.Swiglu,torch.bfloat16,torch.float4_e2m1fn_x2,torch.float4_e2m1fn_x2,QuantType.per_1x32,1,0,16,0,12.0418,flydsl_mxmoe_g1_a4w4_16x128x256_f16in_hpf_nt_swiglu_xcd2,0.0%,4.0957,flydsl_moe2_layout_afp4_wfp4_bf16_t16x128x256_atomic_nt_sbm16,0.0%,16.1375,0,0,0,8.77,113159.63,
gfx950,256,2,6144,768,129,5,ActivationType.Swiglu,torch.bfloat16,torch.float4_e2m1fn_x2,torch.float4_e2m1fn_x2,QuantType.per_1x32,1,0,16,0,13.7709,flydsl_mxmoe_g1_a4w4_16x128x256_f16in_hpf_nt_swiglu_xcd4,0.0%,4.6527,flydsl_moe2_layout_afp4_wfp4_bf16_t16x128x256_atomic_sbm16,0.0%,18.4236,0,0,0,15.37,99119.17,
gfx950,256,4,6144,768,129,5,ActivationType.Swiglu,torch.bfloat16,torch.float4_e2m1fn_x2,torch.float4_e2m1fn_x2,QuantType.per_1x32,1,0,16,0,14.8763,flydsl_mxmoe_g1_a4w4_16x128x256_f16in_hpf_nt_swiglu_xcd2,0.0%,9.3508,flydsl_moe2_layout_afp4_wfp4_bf16_t16x128x256_atomic_nt_sbm16,0.0%,24.2271,0,0,0,23.37,75377.11,
gfx950,256,8,6144,768,129,5,ActivationType.Swiglu,torch.bfloat16,torch.float4_e2m1fn_x2,torch.float4_e2m1fn_x2,QuantType.per_1x32,1,0,16,0,26.215,flydsl_mxmoe_g1_a4w4_16x256x256_f16in_hpf_nt_swiglu,0.0%,15.6034,flydsl_moe2_layout_afp4_wfp4_bf16_t16x256x128_atomic_sbm16,0.0%,41.8184,0,0,0,27.08,43670.79,
gfx950,256,16,6144,768,129,5,ActivationType.Swiglu,torch.bfloat16,torch.float4_e2m1fn_x2,torch.float4_e2m1fn_x2,QuantType.per_1x32,1,0,16,0,44.2414,flydsl_mxmoe_g1_a4w4_16x128x256_f16in_hpf_nt_swiglu_xcd2,0.0%,23.2972,flydsl_moe2_layout_afp4_wfp4_bf16_t16x128x256_atomic_sbm16,0.0%,67.5386,0,0,0,33.54,27042.17,
gfx950,256,32,6144,768,129,5,ActivationType.Swiglu,torch.bfloat16,torch.float4_e2m1fn_x2,torch.float4_e2m1fn_x2,QuantType.per_1x32,1,0,32,0,105.723,flydsl_moe1_afp4_wfp4_bf16_t32x32x256_w4_kw2_fp4,1.0%,56.1883,flydsl_moe2_layout_afp4_wfp4_bf16_t32x128x256_atomic_persist_nt_sbm32,1.2%,161.9113,0,0,0,27.98,11282.01,
gfx950,256,64,6144,768,129,5,ActivationType.Swiglu,torch.bfloat16,torch.float4_e2m1fn_x2,torch.float4_e2m1fn_x2,QuantType.per_1x32,1,0,32,0,105.4931,flydsl_moe1_afp4_wfp4_bf16_t32x64x256_w3_xcd4_kw2_fp4,1.0%,57.4063,flydsl_moe2_layout_afp4_wfp4_bf16_t32x128x256_atomic_persist_nt_sbm32,1.2%,162.8994,0,0,0,55.62,11217.2,
gfx950,256,128,6144,768,129,5,ActivationType.Swiglu,torch.bfloat16,torch.float4_e2m1fn_x2,torch.float4_e2m1fn_x2,QuantType.per_1x32,1,0,32,0,106.1511,flydsl_moe1_afp4_wfp4_bf16_t32x32x256_w2_kw4_fp4,1.0%,59.3003,flydsl_moe2_layout_afp4_wfp4_bf16_t32x256x256_atomic_persist_nt_sbm32,1.2%,165.4514,0,0,0,109.51,11051.31,
gfx950,256,256,6144,768,129,5,ActivationType.Swiglu,torch.bfloat16,torch.float4_e2m1fn_x2,torch.float4_e2m1fn_x2,QuantType.per_1x32,1,0,16,0,104.9243,flydsl_mxmoe_g1_a4w4_16x128x256_f16in_hpf_nt_swiglu_xcd2,0.1%,53.3446,flydsl_moe2_layout_afp4_wfp4_bf16_t16x256x256_atomic_persist_nt_sbm16,0.1%,158.2689,0,0,0,228.97,11567.74,
gfx950,256,512,6144,768,129,5,ActivationType.Swiglu,torch.bfloat16,torch.float4_e2m1fn_x2,torch.float4_e2m1fn_x2,QuantType.per_1x32,1,0,32,0,108.5431,flydsl_moe1_afp4_wfp4_bf16_t32x64x256_w4_kw2_fp4,1.0%,66.2001,flydsl_moe2_layout_afp4_wfp4_bf16_t32x128x256_atomic_nt_sbm32,1.2%,174.7432,0,0,0,414.77,10504.17,
gfx950,256,1024,6144,768,129,5,ActivationType.Swiglu,torch.bfloat16,torch.float4_e2m1fn_x2,torch.float4_e2m1fn_x2,QuantType.per_1x32,1,0,64,0,118.1277,flydsl_moe1_afp4_wfp4_bf16_t64x128x256_w3_fp4,1.0%,78.0796,flydsl_moe2_layout_afp4_wfp4_bf16_t64x128x256_atomic_nt_sbm64,1.2%,196.2073,0,0,0,738.79,9403.16,
gfx950,256,2048,6144,768,129,5,ActivationType.Swiglu,torch.bfloat16,torch.float4_e2m1fn_x2,torch.float4_e2m1fn_x2,QuantType.per_1x32,1,0,0,0,330.0830,impl__flydsl_a4w4_compact__s1BM=128-s1D=3-s1NW=4-s1pipe=hybrid2-s1EF=1-s1MV=1-s2BM=64-s2D=2-s2NW=4-s2pipe=hybrid2-s2diag=waves_per_eu_3+s2_nontemporal_store+agpr_64,0%,0,,0%,330.0830,0,0,0,0,0,
gfx950,256,4096,6144,768,129,5,ActivationType.Swiglu,torch.bfloat16,torch.float4_e2m1fn_x2,torch.float4_e2m1fn_x2,QuantType.per_1x32,1,0,64,0,195.9343,flydsl_mxmoe_g1_a4w4_64x256x256_swiglu_xcd2,0.1%,206.2216,flydsl_moe2_layout_afp4_wfp4_bf16_t64x256x128_reduce_persist_sbm64,0.1%,402.1559,0,0,0,1441.78,4728.5,
gfx950,256,8192,6144,768,129,5,ActivationType.Swiglu,torch.bfloat16,torch.float4_e2m1fn_x2,torch.float4_e2m1fn_x2,QuantType.per_1x32,1,0,0,0,771.8070,impl__flydsl_a4w4_compact__s1BM=256-s1D=3-s1NW=4-s1WM=2-s1pipe=il4-s1diag=barrier_slot_8+s1_transposed_epilogue+epilogue_batch_4-s1PERS=1-s1EF=1-s2BM=256-s2D=3-s2NW=4-s2WM=2-s2pipe=il4-s2diag=s2_nontemporal_store+s2_transposed_store+s2_double_buffer-s2PERS=1-HT=1-FC=1-BMF=128-NWF=4-WMF=1-DF=3-pipeF=hybrid-diagF=fused_agpr_136+fused_skip_own_slot,0%,0,,0%,771.8070,0,0,0,0,0,
gfx950,256,16384,6144,768,129,5,ActivationType.Swiglu,torch.bfloat16,torch.float4_e2m1fn_x2,torch.float4_e2m1fn_x2,QuantType.per_1x32,1,0,0,0,1365.5324,impl__flydsl_a4w4_compact__s1BM=256-s1D=3-s1NW=4-s1WM=2-s1pipe=il4-s1diag=barrier_slot_8+s1_transposed_epilogue+epilogue_batch_2-s1PERS=1-s1EF=1-s2BM=256-s2D=3-s2NW=4-s2WM=2-s2pipe=il4-s2diag=s2_nontemporal_store+s2_transposed_store+s2_double_buffer-s2PERS=1-HT=1-FC=1-BMF=128-NWF=4-WMF=1-DF=3-pipeF=hybrid-diagF=fused_skip_own_slot,0%,0,,0%,1365.5324,0,0,0,0,0,
gfx950,256,32768,6144,768,129,5,ActivationType.Swiglu,torch.bfloat16,torch.float4_e2m1fn_x2,torch.float4_e2m1fn_x2,QuantType.per_1x32,1,0,0,0,2488.2071,impl__flydsl_a4w4_compact__s1BM=256-s1D=3-s1NW=4-s1WM=2-s1pipe=il4-s1diag=barrier_slot_8+s1_transposed_epilogue+epilogue_batch_8-s1PERS=1-s1EF=1-s2BM=256-s2D=3-s2NW=4-s2WM=2-s2pipe=il4-s2diag=s2_nontemporal_store+s2_transposed_store+s2_double_buffer-s2PERS=1-HT=1-FC=1-BMF=128-NWF=4-WMF=1-DF=3-pipeF=hybrid-diagF=fused_skip_own_slot,0%,0,,0%,2488.2071,0,0,0,0,0,
gfx950,256,1,6144,384,129,5,ActivationType.Swiglu,torch.bfloat16,torch.float4_e2m1fn_x2,torch.float4_e2m1fn_x2,QuantType.per_1x32,1,0,16,0,12.3303,flydsl_mxmoe_g1_a4w4_16x128x256_f16in_hpf_nt_swiglu,0.0%,3.7421,flydsl_moe2_layout_afp4_wfp4_bf16_t16x128x128_atomic_sbm16,0.0%,16.0724,0,0,0,4.4,56809.56,
gfx950,256,2,6144,384,129,5,ActivationType.Swiglu,torch.bfloat16,torch.float4_e2m1fn_x2,torch.float4_e2m1fn_x2,QuantType.per_1x32,1,0,16,0,13.0819,flydsl_mxmoe_g1_a4w4_16x128x256_f16in_hpf_nt_swiglu,0.0%,4.2912,flydsl_moe2_layout_afp4_wfp4_bf16_t16x128x128_atomic_sbm16,0.0%,17.3731,0,0,0,8.15,52557.37,
gfx950,256,4,6144,384,129,5,ActivationType.Swiglu,torch.bfloat16,torch.float4_e2m1fn_x2,torch.float4_e2m1fn_x2,QuantType.per_1x32,1,0,16,0,13.2408,flydsl_mxmoe_g1_a4w4_16x128x256_f16in_hpf_nt_swiglu_xcd4,0.0%,5.0595,flydsl_moe2_layout_afp4_wfp4_bf16_t16x128x128_atomic_persist_sbm16,0.0%,18.3003,0,0,0,15.47,49896.52,
gfx950,256,8,6144,384,129,5,ActivationType.Swiglu,torch.bfloat16,torch.float4_e2m1fn_x2,torch.float4_e2m1fn_x2,QuantType.per_1x32,1,0,16,0,14.977,flydsl_mxmoe_g1_a4w4_16x128x256_f16in_hpf_nt_swiglu_xcd2,0.0%,9.5864,flydsl_moe2_layout_afp4_wfp4_bf16_t16x128x128_atomic_nt_sbm16,0.0%,24.5634,0,0,0,23.05,37177.06,
gfx950,256,16,6144,384,129,5,ActivationType.Swiglu,torch.bfloat16,torch.float4_e2m1fn_x2,torch.float4_e2m1fn_x2,QuantType.per_1x32,1,0,16,0,25.3762,flydsl_mxmoe_g1_a4w4_16x128x256_f16in_nt_swiglu_xcd4,0.0%,13.9012,flydsl_moe2_layout_afp4_wfp4_bf16_t16x256x128_atomic_sbm16,0.0%,39.2774,0,0,0,28.83,23253.64,
gfx950,256,32,6144,384,129,5,ActivationType.Swiglu,torch.bfloat16,torch.float4_e2m1fn_x2,torch.float4_e2m1fn_x2,QuantType.per_1x32,1,0,16,0,38.7803,flydsl_mxmoe_g1_a4w4_16x256x256_f16in_hpf_nt_swiglu_xcd2,0.1%,18.356,flydsl_moe2_layout_afp4_wfp4_bf16_t16x128x128_atomic_persist_sbm16,0.1%,57.1363,0,0,0,39.64,15990.49,
gfx950,256,64,6144,384,129,5,ActivationType.Swiglu,torch.bfloat16,torch.float4_e2m1fn_x2,torch.float4_e2m1fn_x2,QuantType.per_1x32,1,0,16,0,43.8403,flydsl_mxmoe_g1_a4w4_16x256x256_f16in_hpf_nt_swiglu_xcd2,0.1%,23.5128,flydsl_moe2_layout_afp4_wfp4_bf16_t16x128x128_atomic_persist_sbm16,0.1%,67.3531,0,0,0,67.26,13573.65,
gfx950,256,128,6144,384,129,5,ActivationType.Swiglu,torch.bfloat16,torch.float4_e2m1fn_x2,torch.float4_e2m1fn_x2,QuantType.per_1x32,1,0,16,0,51.9578,flydsl_mxmoe_g1_a4w4_16x256x256_f16in_hpf_nt_swiglu_xcd2,0.1%,26.592,flydsl_moe2_layout_afp4_wfp4_bf16_t16x128x128_atomic_persist_sbm16,0.1%,78.5498,0,0,0,115.34,11653.84,
gfx950,256,256,6144,384,129,5,ActivationType.Swiglu,torch.bfloat16,torch.float4_e2m1fn_x2,torch.float4_e2m1fn_x2,QuantType.per_1x32,1,0,16,0,53.6431,flydsl_mxmoe_g1_a4w4_16x256x256_f16in_hpf_nt_swiglu_xcd2,0.1%,29.0193,flydsl_moe2_layout_afp4_wfp4_bf16_t16x128x128_atomic_sbm16,0.1%,82.6624,0,0,0,219.2,11102.58,
gfx950,256,512,6144,384,129,5,ActivationType.Swiglu,torch.bfloat16,torch.float4_e2m1fn_x2,torch.float4_e2m1fn_x2,QuantType.per_1x32,1,0,32,0,57.2473,flydsl_moe1_afp4_wfp4_bf16_t32x128x256_w3_fp4,1.0%,41.7533,flydsl_moe2_layout_afp4_wfp4_bf16_t32x128x128_atomic_nt_sbm32,1.2%,99.0006,0,0,0,366.05,9317.97,
gfx950,256,1024,6144,384,129,5,ActivationType.Swiglu,torch.bfloat16,torch.float4_e2m1fn_x2,torch.float4_e2m1fn_x2,QuantType.per_1x32,1,0,64,0,61.2574,flydsl_mxmoe_g1_a4w4_64x256x256_nt_swiglu_xcd4,0.1%,57.7452,flydsl_moe2_layout_afp4_wfp4_bf16_t64x128x128_reduce_nt_sbm64,0.1%,119.0026,0,0,0,609.04,7831.11,
gfx950,256,2048,6144,384,129,5,ActivationType.Swiglu,torch.bfloat16,torch.float4_e2m1fn_x2,torch.float4_e2m1fn_x2,QuantType.per_1x32,1,0,0,0,218.8660,impl__flydsl_a4w4_compact__s1BM=128-s1D=3-s1NW=4-s1pipe=hybrid2-s1EF=1-s1MV=1-s2BM=64-s2D=3-s2NW=4-s2pipe=hybrid2-s2diag=waves_per_eu_3+s2_nontemporal_store,0%,0,,0%,218.8660,0,0,0,0,0,
gfx950,256,4096,6144,384,129,5,ActivationType.Swiglu,torch.bfloat16,torch.float4_e2m1fn_x2,torch.float4_e2m1fn_x2,QuantType.per_1x32,1,0,0,0,308.0428,impl__flydsl_a4w4_compact__s1BM=256-s1D=3-s1NW=4-s1WM=2-s1pipe=il4-s1diag=barrier_slot_8-s1PERS=1-s1EF=1-s2BM=64-s2D=2-s2NW=4-s2pipe=hybrid2-s2diag=waves_per_eu_3+s2_nontemporal_store,0%,0,,0%,308.0428,0,0,0,0,0,
gfx950,256,8192,6144,384,129,5,ActivationType.Swiglu,torch.bfloat16,torch.float4_e2m1fn_x2,torch.float4_e2m1fn_x2,QuantType.per_1x32,1,0,0,0,524.3568,impl__flydsl_a4w4_compact__s1BM=256-s1D=3-s1NW=4-s1WM=2-s1pipe=il4-s1diag=barrier_slot_8+s1_transposed_epilogue+epilogue_batch_4-s1PERS=1-s1EF=1-s2BM=64-s2D=2-s2NW=4-s2pipe=hybrid2-s2diag=waves_per_eu_3+s2_nontemporal_store,0%,0,,0%,524.3568,0,0,0,0,0,
gfx950,256,16384,6144,384,129,5,ActivationType.Swiglu,torch.bfloat16,torch.float4_e2m1fn_x2,torch.float4_e2m1fn_x2,QuantType.per_1x32,1,0,0,0,1009.0814,impl__flydsl_a4w4_compact__s1BM=256-s1D=3-s1NW=4-s1WM=2-s1pipe=il4-s1diag=barrier_slot_8-s1PERS=1-s1EF=1-s2BM=64-s2D=3-s2NW=4-s2pipe=hybrid2-s2diag=waves_per_eu_3+s2_nontemporal_store,0%,0,,0%,1009.0814,0,0,0,0,0,
gfx950,256,32768,6144,384,129,5,ActivationType.Swiglu,torch.bfloat16,torch.float4_e2m1fn_x2,torch.float4_e2m1fn_x2,QuantType.per_1x32,1,0,0,0,1959.8499,impl__flydsl_a4w4_compact__s1BM=256-s1D=3-s1NW=4-s1WM=2-s1pipe=il4-s1diag=barrier_slot_8+s1_transposed_epilogue+epilogue_batch_4-s1PERS=1-s1EF=1-s2BM=64-s2D=2-s2NW=4-s2pipe=hybrid2-s2diag=waves_per_eu_3+s2_nontemporal_store,0%,0,,0%,1959.8499,0,0,0,0,0,
gfx950,256,1024,6144,1536,129,5,ActivationType.Swiglu,torch.bfloat16,torch.float4_e2m1fn_x2,torch.float4_e2m1fn_x2,QuantType.per_1x32,1,0,0,0,491.5806,impl__flydsl_a4w4_compact__s1BM=64-s1D=3-s1NW=4-s1pipe=hybrid2-s1EF=1-s1MV=1-s2BM=64-s2D=3-s2NW=4-s2pipe=hybrid-HT=1,0%,0,,0%,491.5806,0,0,0,0,0,
gfx950,256,2048,6144,1536,129,5,ActivationType.Swiglu,torch.bfloat16,torch.float4_e2m1fn_x2,torch.float4_e2m1fn_x2,QuantType.per_1x32,1,0,0,0,559.7974,impl__flydsl_a4w4_compact__s1BM=128-s1D=3-s1NW=4-s1pipe=hybrid2-s1EF=1-s1MV=1-s2BM=128-s2D=2-s2NW=4-s2pipe=hybrid2-s2diag=waves_per_eu_2+s2_nontemporal_store,0%,0,,0%,559.7974,0,0,0,0,0,
gfx950,256,4096,6144,1536,129,5,ActivationType.Swiglu,torch.bfloat16,torch.float4_e2m1fn_x2,torch.float4_e2m1fn_x2,QuantType.per_1x32,1,0,0,0,803.5354,impl__flydsl_a4w4_compact__s1BM=256-s1D=3-s1NW=4-s1WM=2-s1pipe=il4-s1diag=barrier_slot_8-s1PERS=1-s1EF=1-s2BM=128-s2D=2-s2NW=4-s2pipe=hybrid2-s2diag=waves_per_eu_2+s2_nontemporal_store,0%,0,,0%,803.5354,0,0,0,0,0,
gfx950,256,8192,6144,1536,129,5,ActivationType.Swiglu,torch.bfloat16,torch.float4_e2m1fn_x2,torch.float4_e2m1fn_x2,QuantType.per_1x32,1,0,0,0,1334.8284,impl__flydsl_a4w4_compact__s1BM=256-s1D=3-s1NW=4-s1WM=2-s1pipe=il4-s1diag=barrier_slot_8+s1_transposed_epilogue+epilogue_batch_2-s1PERS=1-s1EF=1-s2BM=256-s2D=3-s2NW=4-s2WM=2-s2pipe=il4-s2diag=s2_nontemporal_store+s2_transposed_store+s2_double_buffer-s2PERS=1-HT=1-FC=1-BMF=128-NWF=4-WMF=1-DF=3-pipeF=hybrid-diagF=fused_skip_own_slot,0%,0,,0%,1334.8284,0,0,0,0,0,
gfx950,256,16384,6144,1536,129,5,ActivationType.Swiglu,torch.bfloat16,torch.float4_e2m1fn_x2,torch.float4_e2m1fn_x2,QuantType.per_1x32,1,0,0,0,2212.0209,impl__flydsl_a4w4_compact__s1BM=256-s1D=3-s1NW=4-s1WM=2-s1pipe=il4-s1diag=barrier_slot_8+s1_transposed_epilogue+epilogue_batch_8-s1PERS=1-s1EF=1-s2BM=256-s2D=3-s2NW=4-s2WM=2-s2pipe=il4-s2diag=s2_nontemporal_store+s2_transposed_store-s2PERS=1-HT=1-FC=1-BMF=128-NWF=4-WMF=1-DF=3-pipeF=hybrid-diagF=fused_agpr_136+fused_skip_own_slot,0%,0,,0%,2212.0209,0,0,0,0,0,
gfx950,256,32768,6144,1536,129,5,ActivationType.Swiglu,torch.bfloat16,torch.float4_e2m1fn_x2,torch.float4_e2m1fn_x2,QuantType.per_1x32,1,0,0,0,3897.6368,impl__flydsl_a4w4_compact__s1BM=256-s1D=3-s1NW=4-s1WM=2-s1pipe=il4-s1diag=barrier_slot_8+s1_transposed_epilogue+epilogue_batch_2-s1PERS=1-s1EF=1-s2BM=256-s2D=3-s2NW=4-s2WM=2-s2pipe=il4-s2diag=s2_nontemporal_store+s2_transposed_store+s2_double_buffer-s2PERS=1-HT=1-FC=1-BMF=128-NWF=4-WMF=1-DF=3-pipeF=hybrid-diagF=fused_agpr_136+fused_skip_own_slot,0%,0,,0%,3897.6368,0,0,0,0,0,
