M,N,K,bias,dtype,outdtype,scaleAB,bpreshuffle
526,1280,6144,False,torch.bfloat16,torch.bfloat16,False,False
746,1280,6144,False,torch.bfloat16,torch.bfloat16,False,False
757,1280,6144,False,torch.bfloat16,torch.bfloat16,False,False
8192,1280,6144,False,torch.bfloat16,torch.bfloat16,False,False
8244,1280,6144,False,torch.bfloat16,torch.bfloat16,False,False
8248,1280,6144,False,torch.bfloat16,torch.bfloat16,False,False
16854,1280,6144,False,torch.bfloat16,torch.bfloat16,False,False
16932,1280,6144,False,torch.bfloat16,torch.bfloat16,False,False
16946,1280,6144,False,torch.bfloat16,torch.bfloat16,False,False
16976,1280,6144,False,torch.bfloat16,torch.bfloat16,False,False
24581,1280,6144,False,torch.bfloat16,torch.bfloat16,False,False
24601,1280,6144,False,torch.bfloat16,torch.bfloat16,False,False
24673,1280,6144,False,torch.bfloat16,torch.bfloat16,False,False
24675,1280,6144,False,torch.bfloat16,torch.bfloat16,False,False
25057,1280,6144,False,torch.bfloat16,torch.bfloat16,False,False
25321,1280,6144,False,torch.bfloat16,torch.bfloat16,False,False
32768,1280,6144,False,torch.bfloat16,torch.bfloat16,False,False
526,1536,6144,False,torch.bfloat16,torch.bfloat16,False,False
746,1536,6144,False,torch.bfloat16,torch.bfloat16,False,False
757,1536,6144,False,torch.bfloat16,torch.bfloat16,False,False
8192,1536,6144,False,torch.bfloat16,torch.bfloat16,False,False
8244,1536,6144,False,torch.bfloat16,torch.bfloat16,False,False
8248,1536,6144,False,torch.bfloat16,torch.bfloat16,False,False
16854,1536,6144,False,torch.bfloat16,torch.bfloat16,False,False
16932,1536,6144,False,torch.bfloat16,torch.bfloat16,False,False
16946,1536,6144,False,torch.bfloat16,torch.bfloat16,False,False
16976,1536,6144,False,torch.bfloat16,torch.bfloat16,False,False
24581,1536,6144,False,torch.bfloat16,torch.bfloat16,False,False
24601,1536,6144,False,torch.bfloat16,torch.bfloat16,False,False
24673,1536,6144,False,torch.bfloat16,torch.bfloat16,False,False
24675,1536,6144,False,torch.bfloat16,torch.bfloat16,False,False
25057,1536,6144,False,torch.bfloat16,torch.bfloat16,False,False
25321,1536,6144,False,torch.bfloat16,torch.bfloat16,False,False
32768,1536,6144,False,torch.bfloat16,torch.bfloat16,False,False
526,2304,6144,False,torch.bfloat16,torch.bfloat16,False,False
746,2304,6144,False,torch.bfloat16,torch.bfloat16,False,False
757,2304,6144,False,torch.bfloat16,torch.bfloat16,False,False
8192,2304,6144,False,torch.bfloat16,torch.bfloat16,False,False
8244,2304,6144,False,torch.bfloat16,torch.bfloat16,False,False
8248,2304,6144,False,torch.bfloat16,torch.bfloat16,False,False
16854,2304,6144,False,torch.bfloat16,torch.bfloat16,False,False
16932,2304,6144,False,torch.bfloat16,torch.bfloat16,False,False
16946,2304,6144,False,torch.bfloat16,torch.bfloat16,False,False
16976,2304,6144,False,torch.bfloat16,torch.bfloat16,False,False
24581,2304,6144,False,torch.bfloat16,torch.bfloat16,False,False
24601,2304,6144,False,torch.bfloat16,torch.bfloat16,False,False
24673,2304,6144,False,torch.bfloat16,torch.bfloat16,False,False
24675,2304,6144,False,torch.bfloat16,torch.bfloat16,False,False
25057,2304,6144,False,torch.bfloat16,torch.bfloat16,False,False
25321,2304,6144,False,torch.bfloat16,torch.bfloat16,False,False
32768,2304,6144,False,torch.bfloat16,torch.bfloat16,False,False
526,2560,6144,False,torch.bfloat16,torch.bfloat16,False,False
746,2560,6144,False,torch.bfloat16,torch.bfloat16,False,False
757,2560,6144,False,torch.bfloat16,torch.bfloat16,False,False
8192,2560,6144,False,torch.bfloat16,torch.bfloat16,False,False
8244,2560,6144,False,torch.bfloat16,torch.bfloat16,False,False
8248,2560,6144,False,torch.bfloat16,torch.bfloat16,False,False
16854,2560,6144,False,torch.bfloat16,torch.bfloat16,False,False
16932,2560,6144,False,torch.bfloat16,torch.bfloat16,False,False
16946,2560,6144,False,torch.bfloat16,torch.bfloat16,False,False
16976,2560,6144,False,torch.bfloat16,torch.bfloat16,False,False
24581,2560,6144,False,torch.bfloat16,torch.bfloat16,False,False
24601,2560,6144,False,torch.bfloat16,torch.bfloat16,False,False
24673,2560,6144,False,torch.bfloat16,torch.bfloat16,False,False
24675,2560,6144,False,torch.bfloat16,torch.bfloat16,False,False
25057,2560,6144,False,torch.bfloat16,torch.bfloat16,False,False
25321,2560,6144,False,torch.bfloat16,torch.bfloat16,False,False
32768,2560,6144,False,torch.bfloat16,torch.bfloat16,False,False
526,3072,6144,False,torch.bfloat16,torch.bfloat16,False,False
746,3072,6144,False,torch.bfloat16,torch.bfloat16,False,False
757,3072,6144,False,torch.bfloat16,torch.bfloat16,False,False
8192,3072,6144,False,torch.bfloat16,torch.bfloat16,False,False
8244,3072,6144,False,torch.bfloat16,torch.bfloat16,False,False
8248,3072,6144,False,torch.bfloat16,torch.bfloat16,False,False
16854,3072,6144,False,torch.bfloat16,torch.bfloat16,False,False
16932,3072,6144,False,torch.bfloat16,torch.bfloat16,False,False
16946,3072,6144,False,torch.bfloat16,torch.bfloat16,False,False
16976,3072,6144,False,torch.bfloat16,torch.bfloat16,False,False
24581,3072,6144,False,torch.bfloat16,torch.bfloat16,False,False
24601,3072,6144,False,torch.bfloat16,torch.bfloat16,False,False
24673,3072,6144,False,torch.bfloat16,torch.bfloat16,False,False
24675,3072,6144,False,torch.bfloat16,torch.bfloat16,False,False
25057,3072,6144,False,torch.bfloat16,torch.bfloat16,False,False
25321,3072,6144,False,torch.bfloat16,torch.bfloat16,False,False
32768,3072,6144,False,torch.bfloat16,torch.bfloat16,False,False
526,4608,6144,False,torch.bfloat16,torch.bfloat16,False,False
746,4608,6144,False,torch.bfloat16,torch.bfloat16,False,False
757,4608,6144,False,torch.bfloat16,torch.bfloat16,False,False
8192,4608,6144,False,torch.bfloat16,torch.bfloat16,False,False
8244,4608,6144,False,torch.bfloat16,torch.bfloat16,False,False
8248,4608,6144,False,torch.bfloat16,torch.bfloat16,False,False
16854,4608,6144,False,torch.bfloat16,torch.bfloat16,False,False
16932,4608,6144,False,torch.bfloat16,torch.bfloat16,False,False
16946,4608,6144,False,torch.bfloat16,torch.bfloat16,False,False
16976,4608,6144,False,torch.bfloat16,torch.bfloat16,False,False
24581,4608,6144,False,torch.bfloat16,torch.bfloat16,False,False
24601,4608,6144,False,torch.bfloat16,torch.bfloat16,False,False
24673,4608,6144,False,torch.bfloat16,torch.bfloat16,False,False
24675,4608,6144,False,torch.bfloat16,torch.bfloat16,False,False
25057,4608,6144,False,torch.bfloat16,torch.bfloat16,False,False
25321,4608,6144,False,torch.bfloat16,torch.bfloat16,False,False
32768,4608,6144,False,torch.bfloat16,torch.bfloat16,False,False
526,5120,6144,False,torch.bfloat16,torch.bfloat16,False,False
746,5120,6144,False,torch.bfloat16,torch.bfloat16,False,False
757,5120,6144,False,torch.bfloat16,torch.bfloat16,False,False
8192,5120,6144,False,torch.bfloat16,torch.bfloat16,False,False
8244,5120,6144,False,torch.bfloat16,torch.bfloat16,False,False
8248,5120,6144,False,torch.bfloat16,torch.bfloat16,False,False
16854,5120,6144,False,torch.bfloat16,torch.bfloat16,False,False
16932,5120,6144,False,torch.bfloat16,torch.bfloat16,False,False
16946,5120,6144,False,torch.bfloat16,torch.bfloat16,False,False
16976,5120,6144,False,torch.bfloat16,torch.bfloat16,False,False
24581,5120,6144,False,torch.bfloat16,torch.bfloat16,False,False
24601,5120,6144,False,torch.bfloat16,torch.bfloat16,False,False
24673,5120,6144,False,torch.bfloat16,torch.bfloat16,False,False
24675,5120,6144,False,torch.bfloat16,torch.bfloat16,False,False
25057,5120,6144,False,torch.bfloat16,torch.bfloat16,False,False
25321,5120,6144,False,torch.bfloat16,torch.bfloat16,False,False
32768,5120,6144,False,torch.bfloat16,torch.bfloat16,False,False
526,6144,1024,False,torch.bfloat16,torch.bfloat16,False,False
746,6144,1024,False,torch.bfloat16,torch.bfloat16,False,False
757,6144,1024,False,torch.bfloat16,torch.bfloat16,False,False
8192,6144,1024,False,torch.bfloat16,torch.bfloat16,False,False
8244,6144,1024,False,torch.bfloat16,torch.bfloat16,False,False
8248,6144,1024,False,torch.bfloat16,torch.bfloat16,False,False
16854,6144,1024,False,torch.bfloat16,torch.bfloat16,False,False
16932,6144,1024,False,torch.bfloat16,torch.bfloat16,False,False
16946,6144,1024,False,torch.bfloat16,torch.bfloat16,False,False
16976,6144,1024,False,torch.bfloat16,torch.bfloat16,False,False
24581,6144,1024,False,torch.bfloat16,torch.bfloat16,False,False
24601,6144,1024,False,torch.bfloat16,torch.bfloat16,False,False
24673,6144,1024,False,torch.bfloat16,torch.bfloat16,False,False
24675,6144,1024,False,torch.bfloat16,torch.bfloat16,False,False
25057,6144,1024,False,torch.bfloat16,torch.bfloat16,False,False
25321,6144,1024,False,torch.bfloat16,torch.bfloat16,False,False
32768,6144,1024,False,torch.bfloat16,torch.bfloat16,False,False
526,6144,1536,False,torch.bfloat16,torch.bfloat16,False,False
746,6144,1536,False,torch.bfloat16,torch.bfloat16,False,False
757,6144,1536,False,torch.bfloat16,torch.bfloat16,False,False
8192,6144,1536,False,torch.bfloat16,torch.bfloat16,False,False
8244,6144,1536,False,torch.bfloat16,torch.bfloat16,False,False
8248,6144,1536,False,torch.bfloat16,torch.bfloat16,False,False
16854,6144,1536,False,torch.bfloat16,torch.bfloat16,False,False
16932,6144,1536,False,torch.bfloat16,torch.bfloat16,False,False
16946,6144,1536,False,torch.bfloat16,torch.bfloat16,False,False
16976,6144,1536,False,torch.bfloat16,torch.bfloat16,False,False
24581,6144,1536,False,torch.bfloat16,torch.bfloat16,False,False
24601,6144,1536,False,torch.bfloat16,torch.bfloat16,False,False
24673,6144,1536,False,torch.bfloat16,torch.bfloat16,False,False
24675,6144,1536,False,torch.bfloat16,torch.bfloat16,False,False
25057,6144,1536,False,torch.bfloat16,torch.bfloat16,False,False
25321,6144,1536,False,torch.bfloat16,torch.bfloat16,False,False
32768,6144,1536,False,torch.bfloat16,torch.bfloat16,False,False
526,6144,2048,False,torch.bfloat16,torch.bfloat16,False,False
746,6144,2048,False,torch.bfloat16,torch.bfloat16,False,False
757,6144,2048,False,torch.bfloat16,torch.bfloat16,False,False
8192,6144,2048,False,torch.bfloat16,torch.bfloat16,False,False
8244,6144,2048,False,torch.bfloat16,torch.bfloat16,False,False
8248,6144,2048,False,torch.bfloat16,torch.bfloat16,False,False
16854,6144,2048,False,torch.bfloat16,torch.bfloat16,False,False
16932,6144,2048,False,torch.bfloat16,torch.bfloat16,False,False
16946,6144,2048,False,torch.bfloat16,torch.bfloat16,False,False
16976,6144,2048,False,torch.bfloat16,torch.bfloat16,False,False
24581,6144,2048,False,torch.bfloat16,torch.bfloat16,False,False
24601,6144,2048,False,torch.bfloat16,torch.bfloat16,False,False
24673,6144,2048,False,torch.bfloat16,torch.bfloat16,False,False
24675,6144,2048,False,torch.bfloat16,torch.bfloat16,False,False
25057,6144,2048,False,torch.bfloat16,torch.bfloat16,False,False
25321,6144,2048,False,torch.bfloat16,torch.bfloat16,False,False
32768,6144,2048,False,torch.bfloat16,torch.bfloat16,False,False
526,6144,3072,False,torch.bfloat16,torch.bfloat16,False,False
746,6144,3072,False,torch.bfloat16,torch.bfloat16,False,False
757,6144,3072,False,torch.bfloat16,torch.bfloat16,False,False
8192,6144,3072,False,torch.bfloat16,torch.bfloat16,False,False
8244,6144,3072,False,torch.bfloat16,torch.bfloat16,False,False
8248,6144,3072,False,torch.bfloat16,torch.bfloat16,False,False
16854,6144,3072,False,torch.bfloat16,torch.bfloat16,False,False
16932,6144,3072,False,torch.bfloat16,torch.bfloat16,False,False
16946,6144,3072,False,torch.bfloat16,torch.bfloat16,False,False
16976,6144,3072,False,torch.bfloat16,torch.bfloat16,False,False
24581,6144,3072,False,torch.bfloat16,torch.bfloat16,False,False
24601,6144,3072,False,torch.bfloat16,torch.bfloat16,False,False
24673,6144,3072,False,torch.bfloat16,torch.bfloat16,False,False
24675,6144,3072,False,torch.bfloat16,torch.bfloat16,False,False
25057,6144,3072,False,torch.bfloat16,torch.bfloat16,False,False
25321,6144,3072,False,torch.bfloat16,torch.bfloat16,False,False
32768,6144,3072,False,torch.bfloat16,torch.bfloat16,False,False
526,6144,4096,False,torch.bfloat16,torch.bfloat16,False,False
746,6144,4096,False,torch.bfloat16,torch.bfloat16,False,False
757,6144,4096,False,torch.bfloat16,torch.bfloat16,False,False
8192,6144,4096,False,torch.bfloat16,torch.bfloat16,False,False
8244,6144,4096,False,torch.bfloat16,torch.bfloat16,False,False
8248,6144,4096,False,torch.bfloat16,torch.bfloat16,False,False
16854,6144,4096,False,torch.bfloat16,torch.bfloat16,False,False
16932,6144,4096,False,torch.bfloat16,torch.bfloat16,False,False
16946,6144,4096,False,torch.bfloat16,torch.bfloat16,False,False
16976,6144,4096,False,torch.bfloat16,torch.bfloat16,False,False
24581,6144,4096,False,torch.bfloat16,torch.bfloat16,False,False
24601,6144,4096,False,torch.bfloat16,torch.bfloat16,False,False
24673,6144,4096,False,torch.bfloat16,torch.bfloat16,False,False
24675,6144,4096,False,torch.bfloat16,torch.bfloat16,False,False
25057,6144,4096,False,torch.bfloat16,torch.bfloat16,False,False
25321,6144,4096,False,torch.bfloat16,torch.bfloat16,False,False
32768,6144,4096,False,torch.bfloat16,torch.bfloat16,False,False
526,6144,6144,False,torch.bfloat16,torch.bfloat16,False,False
746,6144,6144,False,torch.bfloat16,torch.bfloat16,False,False
757,6144,6144,False,torch.bfloat16,torch.bfloat16,False,False
8192,6144,6144,False,torch.bfloat16,torch.bfloat16,False,False
8244,6144,6144,False,torch.bfloat16,torch.bfloat16,False,False
8248,6144,6144,False,torch.bfloat16,torch.bfloat16,False,False
16854,6144,6144,False,torch.bfloat16,torch.bfloat16,False,False
16932,6144,6144,False,torch.bfloat16,torch.bfloat16,False,False
16946,6144,6144,False,torch.bfloat16,torch.bfloat16,False,False
16976,6144,6144,False,torch.bfloat16,torch.bfloat16,False,False
24581,6144,6144,False,torch.bfloat16,torch.bfloat16,False,False
24601,6144,6144,False,torch.bfloat16,torch.bfloat16,False,False
24673,6144,6144,False,torch.bfloat16,torch.bfloat16,False,False
24675,6144,6144,False,torch.bfloat16,torch.bfloat16,False,False
25057,6144,6144,False,torch.bfloat16,torch.bfloat16,False,False
25321,6144,6144,False,torch.bfloat16,torch.bfloat16,False,False
32768,6144,6144,False,torch.bfloat16,torch.bfloat16,False,False
526,12288,6144,False,torch.bfloat16,torch.bfloat16,False,False
746,12288,6144,False,torch.bfloat16,torch.bfloat16,False,False
757,12288,6144,False,torch.bfloat16,torch.bfloat16,False,False
8192,12288,6144,False,torch.bfloat16,torch.bfloat16,False,False
8244,12288,6144,False,torch.bfloat16,torch.bfloat16,False,False
8248,12288,6144,False,torch.bfloat16,torch.bfloat16,False,False
16854,12288,6144,False,torch.bfloat16,torch.bfloat16,False,False
16932,12288,6144,False,torch.bfloat16,torch.bfloat16,False,False
16946,12288,6144,False,torch.bfloat16,torch.bfloat16,False,False
16976,12288,6144,False,torch.bfloat16,torch.bfloat16,False,False
24581,12288,6144,False,torch.bfloat16,torch.bfloat16,False,False
24601,12288,6144,False,torch.bfloat16,torch.bfloat16,False,False
24673,12288,6144,False,torch.bfloat16,torch.bfloat16,False,False
24675,12288,6144,False,torch.bfloat16,torch.bfloat16,False,False
25057,12288,6144,False,torch.bfloat16,torch.bfloat16,False,False
25321,12288,6144,False,torch.bfloat16,torch.bfloat16,False,False
32768,12288,6144,False,torch.bfloat16,torch.bfloat16,False,False
6,25008,6144,False,torch.bfloat16,torch.bfloat16,False,False
7,25008,6144,False,torch.bfloat16,torch.bfloat16,False,False
8,25008,6144,False,torch.bfloat16,torch.bfloat16,False,False
9,25008,6144,False,torch.bfloat16,torch.bfloat16,False,False
10,25008,6144,False,torch.bfloat16,torch.bfloat16,False,False
11,25008,6144,False,torch.bfloat16,torch.bfloat16,False,False
12,25008,6144,False,torch.bfloat16,torch.bfloat16,False,False
13,25008,6144,False,torch.bfloat16,torch.bfloat16,False,False
14,25008,6144,False,torch.bfloat16,torch.bfloat16,False,False
15,25008,6144,False,torch.bfloat16,torch.bfloat16,False,False
16,25008,6144,False,torch.bfloat16,torch.bfloat16,False,False
6,50016,6144,False,torch.bfloat16,torch.bfloat16,False,False
7,50016,6144,False,torch.bfloat16,torch.bfloat16,False,False
8,50016,6144,False,torch.bfloat16,torch.bfloat16,False,False
9,50016,6144,False,torch.bfloat16,torch.bfloat16,False,False
10,50016,6144,False,torch.bfloat16,torch.bfloat16,False,False
11,50016,6144,False,torch.bfloat16,torch.bfloat16,False,False
12,50016,6144,False,torch.bfloat16,torch.bfloat16,False,False
13,50016,6144,False,torch.bfloat16,torch.bfloat16,False,False
14,50016,6144,False,torch.bfloat16,torch.bfloat16,False,False
15,50016,6144,False,torch.bfloat16,torch.bfloat16,False,False
16,50016,6144,False,torch.bfloat16,torch.bfloat16,False,False
6,100032,6144,False,torch.bfloat16,torch.bfloat16,False,False
7,100032,6144,False,torch.bfloat16,torch.bfloat16,False,False
8,100032,6144,False,torch.bfloat16,torch.bfloat16,False,False
9,100032,6144,False,torch.bfloat16,torch.bfloat16,False,False
10,100032,6144,False,torch.bfloat16,torch.bfloat16,False,False
11,100032,6144,False,torch.bfloat16,torch.bfloat16,False,False
12,100032,6144,False,torch.bfloat16,torch.bfloat16,False,False
13,100032,6144,False,torch.bfloat16,torch.bfloat16,False,False
14,100032,6144,False,torch.bfloat16,torch.bfloat16,False,False
15,100032,6144,False,torch.bfloat16,torch.bfloat16,False,False
16,100032,6144,False,torch.bfloat16,torch.bfloat16,False,False
